"cid","name","type","T","nH_below","nH_above","nMg_below","nMg_above","smiles_below","smiles_above","pK","ref"
1,"water",,298.15,2,2,0,0,,,,
2,"ATP","acid-base",298.15,14,13,0,0,"C([C@@H]1[C@H]([C@H]([C@H](n2cnc3c(N)[nH+]cnc23)O1)O)O)OP(=O)([O-])OP(=O)([O-])OP(=O)([O-])O","C([C@@H]1[C@H]([C@H]([C@H](n2cnc3c(N)ncnc23)O1)O)O)OP(=O)([O-])OP(=O)([O-])OP(=O)([O-])O",4.68,"Alberty 2003"
2,"ATP","acid-base",298.15,13,12,0,0,"C([C@@H]1[C@H]([C@H]([C@H](n2cnc3c(N)ncnc23)O1)O)O)OP(=O)([O-])OP(=O)([O-])OP(=O)([O-])O","C([C@@H]1[C@H]([C@H]([C@H](n2cnc3c(N)ncnc23)O1)O)O)OP(=O)([O-])OP(=O)([O-])OP(=O)([O-])[O-]",7.6,"Alberty 2003"
2,"ATP","Mg",,12,12,1,0,"C([C@@H]1[C@H]([C@H]([C@H](n2cnc3c(N)ncnc23)O1)O)O)OP(=O)([O-])OP(=O)([O-])OP(=O)([O-])[O-].[Mg+2]","C([C@@H]1[C@H]([C@H]([C@H](n2cnc3c(N)ncnc23)O1)O)O)OP(=O)([O-])OP(=O)([O-])OP(=O)([O-])[O-]",6.18,"Alberty 2003"
2,"ATP","Mg",,13,13,1,0,"C([C@@H]1[C@H]([C@H]([C@H](n2cnc3c(N)[nH+]cnc23)O1)O)O)OP(=O)([O-])OP(=O)([O-])OP(=O)([O-])[O-].[Mg+2]","C([C@@H]1[C@H]([C@H]([C@H](n2cnc3c(N)ncnc23)O1)O)O)OP(=O)([O-])OP(=O)([O-])OP(=O)([O-])O",3.63,"Alberty 2003"
2,"ATP","Mg",,12,12,2,1,"C([C@@H]1[C@H]([C@H]([C@H](n2cnc3c(N)ncnc23)O1)O)O)OP(=O)([O-])OP(=O)([O-])OP(=O)([O-])[O-].[Mg+2].[Mg+2]","C([C@@H]1[C@H]([C@H]([C@H](n2cnc3c(N)ncnc23)O1)O)O)OP(=O)([O-])OP(=O)([O-])OP(=O)([O-])[O-].[Mg+2]",2.69,"Alberty 2003"
3,"NAD+","Mg",,26,26,1,0,,,1.55,"Mazzini 1995"
3,"NAD+","acid-base",298.15,27,26,0,0,"NC(=O)c1ccc[n+](c1)[C@@H]1O[C@H](COP([O-])(=O)OP([O-])(=O)OC[C@H]2O[C@H]([C@H](O)[C@@H]2O)n2cnc3c(N)[nH+]cnc23)[C@@H](O)[C@H]1O","NC(=O)c1ccc[n+](c1)[C@@H]1O[C@H](COP([O-])(=O)OP([O-])(=O)OC[C@H]2O[C@H]([C@H](O)[C@@H]2O)n2cnc3c(N)ncnc23)[C@@H](O)[C@H]1O",3.86,"Domenech 1999"
4,"NADH","Mg",,27,27,1,0,,,1.58,"Mazzini 1995"
4,"NADH","acid-base",298.15,28,27,0,0,"NC(=O)C1=CN(C=CC1)[C@@H]1O[C@H](COP([O-])(=O)OP([O-])(=O)OC[C@H]2O[C@H]([C@H](O)[C@@H]2O)n2cnc3c(N)[nH+]cnc23)[C@@H](O)[C@H]1O","NC(=O)C1=CN(C=CC1)[C@@H]1O[C@H](COP([O-])(=O)OP([O-])(=O)OC[C@H]2O[C@H]([C@H](O)[C@@H]2O)n2cnc3c(N)ncnc23)[C@@H](O)[C@H]1O",3.86,"Domenech 1999 (assumed same as NAD+)"
5,"NADPH","Mg",,26,26,1,0,,,1.87,"Mazzini 1995"
5,"NADPH","acid-base",298.15,28,27,0,0,"NC(=O)C1=CN(C=CC1)[C@@H]1O[C@H](COP([O-])(=O)OP([O-])(=O)OC[C@H]2O[C@H]([C@H](OP([O-])(O)=O)[C@@H]2O)n2cnc3c(N)[nH+]cnc23)[C@@H](O)[C@H]1O","NC(=O)C1=CN(C=CC1)[C@@H]1O[C@H](COP([O-])(=O)OP([O-])(=O)OC[C@H]2O[C@H]([C@H](OP([O-])(O)=O)[C@@H]2O)n2cnc3c(N)ncnc23)[C@@H](O)[C@H]1O",3.87,"Domenech 1999 (assumed same as NADPH)"
5,"NADPH","acid-base",298.15,27,26,0,0,"NC(=O)C1=CN(C=CC1)[C@@H]1O[C@H](COP([O-])(=O)OP([O-])(=O)OC[C@H]2O[C@H]([C@H](OP([O-])(O)=O)[C@@H]2O)n2cnc3c(N)ncnc23)[C@@H](O)[C@H]1O","NC(=O)C1=CN(C=CC1)[C@@H]1O[C@H](COP([O-])(=O)OP([O-])(=O)OC[C@H]2O[C@H]([C@H](OP([O-])([O-])=O)[C@@H]2O)n2cnc3c(N)ncnc23)[C@@H](O)[C@H]1O",5.86,"Domenech 1999 (assumed same as NADPH)"
6,"NADP+","Mg",,25,25,1,0,,,1.81,"Mazzini 1995"
6,"NADP+","acid-base",298.15,27,26,0,0,"NC(=O)c1ccc[n+](c1)[C@@H]1O[C@H](COP([O-])(=O)OP([O-])(=O)OC[C@H]2O[C@H]([C@H](OP([O-])(O)=O)[C@@H]2O)n2cnc3c(N)[nH+]cnc23)[C@@H](O)[C@H]1O","NC(=O)c1ccc[n+](c1)[C@@H]1O[C@H](COP([O-])(=O)OP([O-])(=O)OC[C@H]2O[C@H]([C@H](OP([O-])(O)=O)[C@@H]2O)n2cnc3c(N)ncnc23)[C@@H](O)[C@H]1O",3.87,"Domenech 1999"
6,"NADP+","acid-base",298.15,26,25,0,0,"NC(=O)c1ccc[n+](c1)[C@@H]1O[C@H](COP([O-])(=O)OP([O-])(=O)OC[C@H]2O[C@H]([C@H](OP([O-])(O)=O)[C@@H]2O)n2cnc3c(N)ncnc23)[C@@H](O)[C@H]1O","NC(=O)c1ccc[n+](c1)[C@@H]1O[C@H](COP([O-])(=O)OP([O-])(=O)OC[C@H]2O[C@H]([C@H](OP([O-])([O-])=O)[C@@H]2O)n2cnc3c(N)ncnc23)[C@@H](O)[C@H]1O",5.86,"Domenech 1999"
7,"oxygen",,298.15,0,0,0,0,,,,
8,"ADP","acid-base",298.15,14,13,0,0,"C([C@@H]1[C@H]([C@H]([C@H](n2cnc3c(N)[nH+]cnc23)O1)O)O)OP(=O)([O-])OP(=O)([O-])O","C([C@@H]1[C@H]([C@H]([C@H](n2cnc3c(N)ncnc23)O1)O)O)OP(=O)([O-])OP(=O)([O-])O",4.36,"Alberty 2003"
8,"ADP","acid-base",298.15,13,12,0,0,"C([C@@H]1[C@H]([C@H]([C@H](n2cnc3c(N)ncnc23)O1)O)O)OP(=O)([O-])OP(=O)([O-])O","C([C@@H]1[C@H]([C@H]([C@H](n2cnc3c(N)ncnc23)O1)O)O)OP(=O)([O-])OP(=O)([O-])[O-]",7.18,"Alberty 2003"
8,"ADP","Mg",,12,12,1,0,"C([C@@H]1[C@H]([C@H]([C@H](n2cnc3c(N)ncnc23)O1)O)O)OP(=O)([O-])OP(=O)([O-])[O-].[Mg+2]","C([C@@H]1[C@H]([C@H]([C@H](n2cnc3c(N)ncnc23)O1)O)O)OP(=O)([O-])OP(=O)([O-])[O-]",4.65,"Alberty 2003"
8,"ADP","Mg",,13,13,1,0,"C([C@@H]1[C@H]([C@H]([C@H](n2cnc3c(N)[nH+]cnc23)O1)O)O)OP(=O)([O-])OP(=O)([O-])[O-].[Mg+2]","C([C@@H]1[C@H]([C@H]([C@H](n2cnc3c(N)ncnc23)O1)O)O)OP(=O)([O-])OP(=O)([O-])OP(=O)([O-])O",2.5,"Alberty 2003"
9,"Pi","acid-base",298.15,2,1,0,0,"OP(=O)([O-])O","OP(=O)([O-])[O-]",7.22,"Alberty 2003"
9,"Pi","Mg",298.15,1,1,1,0,"OP(=O)([O-])[O-].[Mg+2]","OP(=O)([O-])[O-]",2.71,"Alberty 2003"
10,"CoA","acid-base",298.15,34,33,0,0,"CC(C)(COP([O-])(=O)OP([O-])(=O)OC[C@H]1O[C@H]([C@H](O)[C@@H]1OP([O-])(O)=O)n2cnc3c(N)[nH+]cnc23)[C@@H](O)C(=O)NCCC(=O)NCCS","CC(C)(COP([O-])(=O)OP([O-])(=O)OC[C@H]1O[C@H]([C@H](O)[C@@H]1OP([O-])(O)=O)n2cnc3c(N)ncnc23)[C@@H](O)C(=O)NCCC(=O)NCCS",4.32,"Keire 1992"
10,"CoA","acid-base",298.15,33,32,0,0,"CC(C)(COP([O-])(=O)OP([O-])(=O)OC[C@H]1O[C@H]([C@H](O)[C@@H]1OP([O-])(O)=O)n2cnc3c(N)ncnc23)[C@@H](O)C(=O)NCCC(=O)NCCS","CC(C)(COP([O-])(=O)OP([O-])(=O)OC[C@H]1O[C@H]([C@H](O)[C@@H]1OP([O-])([O-])=O)n2cnc3c(N)ncnc23)[C@@H](O)C(=O)NCCC(=O)NCCS",6.31,"Keire 1992"
10,"CoA","acid-base",298.15,32,31,0,0,"CC(C)(COP([O-])(=O)OP([O-])(=O)OC[C@H]1O[C@H]([C@H](O)[C@@H]1OP([O-])([O-])=O)n2cnc3c(N)ncnc23)[C@@H](O)C(=O)NCCC(=O)NCCS","CC(C)(COP([O-])(=O)OP([O-])(=O)OC[C@H]1O[C@H]([C@H](O)[C@@H]1OP([O-])([O-])=O)n2cnc3c(N)ncnc23)[C@@H](O)C(=O)NCCC(=O)NCC[S-]",9.83,"Keire 1992"
13,"PPi","acid-base",296.15,1,0,0,0,"[O-]P(=O)([O-])OP(=O)([O-])O","[O-]P(=O)([O-])OP(=O)([O-])[O-]",8.21,"Robitaille (1990)"
13,"PPi","acid-base",296.15,2,1,0,0,"[O-]P(=O)(O)OP(=O)([O-])O","[O-]P(=O)([O-])OP(=O)([O-])O",5.8,"Robitaille (1990)"
13,"PPi","acid-base",298.15,3,2,0,0,"[O-]P(=O)(O)OP(=O)(O)O","[O-]P(=O)(O)OP(=O)([O-])O",2.26,"Alberty 2003"
13,"PPi","acid-base",298.15,4,3,0,0,"OP(=O)(O)OP(=O)(O)O","[O-]P(=O)(O)OP(=O)(O)O",0.83,"Alberty 2003"
14,"NH3","acid-base",298.15,4,3,0,0,"[NH4+]","[NH3]",9.26,"CRC (88th edition)"
15,"UDP","acid-base",298.15,12,11,0,0,,,7.18,"Alberty (2003)"
15,"UDP","acid-base",298.15,11,10,0,0,,,10.16,"Alberty (2003)"
16,"FAD","acid-base",298.15,31,30,0,0,,,10,"Taken as is from FMN"
16,"FAD","acid-base",298.15,32,31,0,0,,,3.6,"Taken as is from adenosine"
16,"FAD","acid-base",298.15,30,29,0,0,,,12.35,"Taken as is from adenosine"
20,"AMP","acid-base",298.15,14,13,0,0,"C([C@@H]1[C@H]([C@H]([C@H](n2cnc3c(N)[nH+]cnc23)O1)O)O)OP(=O)([O-])O","C([C@@H]1[C@H]([C@H]([C@H](n2cnc3c(N)ncnc23)O1)O)O)OP(=O)([O-])O",3.99,"Alberty 2003"
20,"AMP","acid-base",296.15,13,12,0,0,"C([C@@H]1[C@H]([C@H]([C@H](n2cnc3c(N)ncnc23)O1)O)O)OP(=O)([O-])O","C([C@@H]1[C@H]([C@H]([C@H](n2cnc3c(N)ncnc23)O1)O)O)OP(=O)([O-])[O-]",6.73,"Alberty 2003"
20,"AMP","Mg",298.15,12,12,1,0,"C([C@@H]1[C@H]([C@H]([C@H](n2cnc3c(N)ncnc23)O1)O)O)OP(=O)([O-])O","C([C@@H]1[C@H]([C@H]([C@H](n2cnc3c(N)ncnc23)O1)O)O)OP(=O)([O-])O.[Mg+2]",2.82,"Alberty 2003"
22,"pyruvate","Mg",,3,3,1,0,"CC(=O)C(=O)[O-].[Mg+2]","CC(=O)C(=O)[O-]",1.53,"Smith et al. 2004"
22,"pyruvate","acid-base",298.15,4,3,0,0,"CC(=O)C(=O)[OH]","CC(=O)C(=O)[O-]",2.39,"CRC (88th edition)"
24,"acetyl-CoA","acid-base",298.15,36,35,0,0,"CC(C)(COP([O-])(=O)OP([O-])(=O)OC[C@H]1O[C@H]([C@H](O)[C@@H]1OP([O-])(O)=O)n2cnc3c(N)[nH+]cnc23)[C@@H](O)C(=O)NCCC(=O)NCCSC(=O)C","CC(C)(COP([O-])(=O)OP([O-])(=O)OC[C@H]1O[C@H]([C@H](O)[C@@H]1OP([O-])(O)=O)n2cnc3c(N)ncnc23)[C@@H](O)C(=O)NCCC(=O)NCCSC(=O)C",4.32,"Keire 1992 (assumed same as CoA)"
24,"acetyl-CoA","acid-base",298.15,35,34,0,0,"CC(C)(COP([O-])(=O)OP([O-])(=O)OC[C@H]1O[C@H]([C@H](O)[C@@H]1OP([O-])(O)=O)n2cnc3c(N)ncnc23)[C@@H](O)C(=O)NCCC(=O)NCCSC(=O)C","CC(C)(COP([O-])(=O)OP([O-])(=O)OC[C@H]1O[C@H]([C@H](O)[C@@H]1OP([O-])([O-])=O)n2cnc3c(N)ncnc23)[C@@H](O)C(=O)NCCC(=O)NCCSC(=O)C",6.31,"Keire 1992 (assumed same as CoA)"
25,"L-glutamate","acid-base",298.15,10,9,0,0,"C(CC(=O)[OH])C(C(=O)[OH])[NH3+]","C(CC(=O)[OH])C(C(=O)[O-])[NH3+]",2.13,"CRC (88th edition)"
25,"L-glutamate","acid-base",298.15,9,8,0,0,"C(CC(=O)[OH])C(C(=O)[O-])[NH3+]","C(CC(=O)[O-])C(C(=O)[O-])[NH3+]",4.31,"CRC (88th edition)"
25,"L-glutamate","acid-base",298.15,8,7,0,0,"C(CC(=O)[O-])C(C(=O)[O-])[NH3+]","C(CC(=O)[O-])C(C(=O)[O-])[NH2]",9.67,"CRC (88th edition)"
26,"2-oxoglutarate","acid-base",298.15,6,5,0,0,"C(=O)(O)CCC(=O)C(=O)O","C(=O)(O)CCC(=O)C(=O)[O-]",2.47,"CRC (88th edition)"
26,"2-oxoglutarate","acid-base",298.15,5,4,0,0,"C(=O)(O)CCC(=O)C(=O)[O-]","C(=O)([O-])CCC(=O)C(=O)[O-]",4.68,"CRC (88th edition)"
27,"H2O2",,298.15,2,2,0,0,,,,
29,"UDP-glucose",,298.15,22,22,0,0,,,,
31,"D-glucose",,298.15,12,12,0,0,,,,
33,"acetate","acid-base",298.15,4,3,0,0,"CC(=O)[OH]","CC(=O)[O-]",4.76,"CRC (88th edition)"
35,"GDP","acid-base",298.15,13,12,0,0,,,7.18,"Alberty (2003)"
35,"GDP","acid-base",298.15,12,11,0,0,,,9.89,"Alberty (2003)"
36,"oxaloacetate","acid-base",298.15,2,1,0,0,"C(=O)([O-])C(=O)CC(=O)[O-]","C(=O)([O-])C([O-])=CC(=O)[O-]",13.03,"CRC (88th edition)"
36,"oxaloacetate","acid-base",298.15,3,2,0,0,"C(=O)([O-])C(=O)CC(=O)O","C(=O)([O-])C(=O)CC(=O)[O-]",4.37,"CRC (88th edition)"
36,"oxaloacetate","acid-base",298.15,4,3,0,0,"C(=O)(O)C(=O)CC(=O)O","C(=O)([O-])C(=O)CC(=O)O",2.55,"CRC (88th edition)"
37,"glycine","acid-base",298.15,5,4,0,0,"C(C(=O)[O-])[NH3+]","C(C(=O)[O-])[NH2]",9.78,"CRC (88th edition)"
37,"glycine","acid-base",298.15,6,5,0,0,"C(C(=O)[OH])[NH3+]","C(C(=O)[O-])[NH3+]",2.35,"CRC (88th edition)"
41,"L-alanine","acid-base",298.15,7,6,0,0,"CC(C(=O)[O-])[NH3+]","CC(C(=O)[O-])[NH2]",9.69,"Lange's handbook"
41,"L-alanine","acid-base",298.15,8,7,0,0,"CC(C(=O)[OH])[NH3+]","CC(C(=O)[O-])[NH3+]",2.34,"Lange's handbook"
42,"succinate","acid-base",298.15,5,4,0,0,"C(=O)(O)CCC(=O)[O-]","C(=O)([O-])CCC(=O)[O-]",5.64,"Alberty (2003)"
42,"succinate","acid-base",298.15,6,5,0,0,"C(=O)(O)CCC(=O)O","C(=O)(O)CCC(=O)[O-]",4.21,"Alberty (2003)"
44,"GTP","acid-base",298.15,13,12,0,0,,,7.6,"Alberty (2003)"
44,"GTP","acid-base",298.15,12,11,0,0,,,10.4,"Alberty (2003)"
47,"L-lysine","acid-base",298.15,14,13,0,0,"[NH3+]CCCCC(C(=O)[O-])[NH2]","[NH2]CCCCC(C(=O)[O-])[NH2]",10.54,"CRC (88th edition)"
47,"L-lysine","acid-base",298.15,15,14,0,0,"[NH3+]CCCCC(C(=O)[O-])[NH3+]","[NH3+]CCCCC(C(=O)[O-])[NH2]",9.06,"CRC (88th edition)"
47,"L-lysine","acid-base",298.15,16,15,0,0,"[NH3+]CCCCC(C(=O)[OH])[NH3+]","[NH3+]CCCCC(C(=O)[O-])[NH3+]",2.16,"CRC (88th edition)"
48,"glyoxylate","acid-base",298.15,2,1,0,0,"C(=O)C(=O)[OH]","C(=O)C(=O)[O-]",3.18,"CRC (88th edition)"
49,"L-aspartate","acid-base",298.15,6,5,0,0,"C(=O)([O-])CC(C(=O)[O-])[NH3+]","C(=O)([O-])CC(C(=O)[O-])[NH2]",9.9,"CRC (88th edition)"
49,"L-aspartate","acid-base",298.15,7,6,0,0,"C(=O)([OH])CC(C(=O)[O-])[NH3+]","C(=O)([O-])CC(C(=O)[O-])[NH3+]",3.9,"CRC (88th edition)"
49,"L-aspartate","acid-base",298.15,8,7,0,0,"C(=O)([OH])CC(C(=O)[OH])[NH3+]","C(=O)([OH])CC(C(=O)[O-])[NH3+]",1.99,"CRC (88th edition)"
51,"glutathione","acid-base",298.15,18,17,0,0,,,2.12,"Lange's handbook"
51,"glutathione","acid-base",298.15,17,16,0,0,,,3.53,"Lange's handbook"
51,"glutathione","acid-base",298.15,16,15,0,0,,,8.66,"Lange's handbook"
51,"glutathione","acid-base",298.15,15,14,0,0,,,9.12,"Lange's handbook"
52,"UDP-D-galactose",,298.15,22,22,0,0,,,,
55,"CMP","acid-base",298.15,14,13,0,0,,,4.4,"Alberty (2003)"
55,"CMP","acid-base",298.15,13,12,0,0,,,6.73,"Alberty (2003)"
58,"formate","acid-base",298.15,2,1,0,0,,,3.75,"CRC (88th edition)"
59,"sulfate","acid-base",298.15,1,0,0,0,"OS(=O)(=O)[O-]","[O-]S(=O)(=O)[O-]",1.99,"CRC (88th edition)"
61,"FMN","acid-base",298.15,19,18,0,0,,,10,"Khan (1973), Mayhew (1999), Heelis (1982), Draper (1968)"
61,"FMN","acid-base",298.15,21,20,0,0,,,1.89,"Khan (1973)"
61,"FMN","acid-base",298.15,20,19,0,0,,,6.37,"Khan (1973)"
62,"L-Arginine","acid-base",298.15,14,13,0,0,"C(CC(C(=O)[O-])[NH2])CNC(=[NH2+])[NH2]","C(CC(C(=O)[O-])[NH2])CNC(=[NH])[NH2]",12.5,"CRC (88th edition)"
62,"L-Arginine","acid-base",298.15,15,14,0,0,"C(CC(C(=O)[O-])[NH3+])CNC(=[NH2+])[NH2]","C(CC(C(=O)[O-])[NH2])CNC(=[NH2+])[NH2]",8.99,"CRC (88th edition)"
62,"L-Arginine","acid-base",298.15,16,15,0,0,"C(CC(C(=O)[OH])[NH3+])CNC(=[NH2+])[NH2]","C(CC(C(=O)[O-])[NH3+])CNC(=[NH2+])[NH2]",1.82,"CRC (88th edition)"
63,"CTP","acid-base",298.15,14,13,0,0,,,5.08,"Alberty (2003)"
63,"CTP","acid-base",298.15,13,12,0,0,,,7.6,"Alberty (2003)"
64,"L-Glutamine","acid-base",298.15,10,9,0,0,"[NH2]C(=O)CCC(C(=O)[O-])[NH3+]","[NH2]C(=O)CCC(C(=O)[O-])[NH2]",9.13,"CRC (88th edition)"
64,"L-Glutamine","acid-base",298.15,11,10,0,0,"[NH2]C(=O)CCC(C(=O)[OH])[NH3+]","[NH2]C(=O)CCC(C(=O)[O-])[NH3+]",2.17,"CRC (88th edition)"
65,"L-Serine","acid-base",298.15,8,7,0,0,"[OH]CC(C(=O)[OH])[NH3+]","[OH]CC(C(=O)[O-])[NH3+]",2.21,"Lange's handbook"
65,"L-Serine","acid-base",298.15,7,6,0,0,"[OH]CC(C(=O)[O-])[NH3+]","[OH]CC(C(=O)[O-])[NH2]",9.15,"Lange's handbook"
65,"L-Serine","acid-base",298.15,6,5,0,0,"[OH]CC(C(=O)[O-])[NH2]","[O-]CC(C(=O)[O-])[NH2]",13.6,"Lange's handbook"
67,"Formaldehyde","acid-base",298.15,2,1,0,0,,,13.27,"CRC (88th edition)"
72,"Ascorbate","acid-base",298.15,8,7,0,0,,,4.04,"CRC (88th edition)"
72,"Ascorbate","acid-base",289.15,7,6,0,0,,,11.7,"CRC (88th edition)"
73,"L-Methionine","acid-base",298.15,11,10,0,0,"CSCCC(C(=O)[O-])[NH3+]","CSCCC(C(=O)[O-])[NH2]",9.27,"CRC (88th edition)"
73,"L-Methionine","acid-base",298.15,12,11,0,0,"CSCCC(C(=O)[OH])[NH3+]","CSCCC(C(=O)[O-])[NH3+]",2.13,"CRC (88th edition)"
74,"PEP","Mg",,2,2,1,0,"C=C(C(=O)[O-])OP(=O)([O-])[O-].[Mg+2]","C=C(C(=O)[O-])OP(=O)([O-])[O-]",2.26,"Smith et al. 2004"
74,"PEP","acid-base",296.15,3,2,0,0,"C=C(C(=O)[O-])OP(=O)([O-])O","C=C(C(=O)[O-])OP(=O)([O-])[O-]",5.74,"Robitaille (1990)"
75,"UTP","acid-base",298.15,12,11,0,0,,,7.6,"Alberty (2003)"
75,"UTP","acid-base",298.15,11,10,0,0,,,10.7,"Alberty (2003)"
77,"L-Ornithine","acid-base",298.15,14,13,0,0,,,1.71,"CRC (88th edition)"
77,"L-Ornithine","acid-base",298.15,13,12,0,0,,,8.69,"CRC (88th edition)"
77,"L-Ornithine","acid-base",298.15,12,11,0,0,,,10.76,"CRC (88th edition)"
78,"L-Tryptophan","acid-base",298.15,12,11,0,0,"c1ccc2c(c1)c(CC(C(=O)[O-])[NH3+])c[nH]2","c1ccc2c(c1)c(CC(C(=O)[O-])N)c[nH]2",9.41,"CRC (88th edition)"
78,"L-Tryptophan","acid-base",298.15,13,12,0,0,"c1ccc2c(c1)c(CC(C(=O)O)[NH3+])c[nH]2","c1ccc2c(c1)c(CC(C(=O)[O-])[NH3+])c[nH]2",2.46,"CRC (88th edition)"
79,"L-Phenylalanine","acid-base",298.15,11,10,0,0,"c1ccc(cc1)CC(C(=O)[O-])[NH3+]","c1ccc(cc1)CC(C(=O)[O-])N",9.31,"CRC (88th edition)"
79,"L-Phenylalanine","acid-base",298.15,12,11,0,0,"c1ccc(cc1)CC(C(=O)O)[NH3+]","c1ccc(cc1)CC(C(=O)[O-])[NH3+]",2.2,"CRC (88th edition)"
80,"H+",,298.15,0,0,0,0,,,,
81,"ITP","acid-base",298.15,12,11,0,0,,,7.6,"Alberty (2003)"
81,"ITP","acid-base",298.15,11,10,0,0,,,10.1,"Alberty (2003)"
82,"L-tyrosine","acid-base",298.15,10,9,0,0,"[NH2]C(Cc1ccc(O)cc1)C([O-])=O","NC(Cc1ccc([O-])cc1)C([O-])=O",10.1,"CRC (88th edition)"
82,"L-tyrosine","acid-base",298.15,11,10,0,0,"[NH3+]C(Cc1ccc(O)cc1)C([O-])=O","NC(Cc1ccc(O)cc1)C([O-])=O",9.11,"CRC (88th edition)"
82,"L-tyrosine","acid-base",298.15,12,11,0,0,"[NH3+]C(Cc1ccc(O)cc1)C(O)=O","[NH3+]C(Cc1ccc(O)cc1)C([O-])=O",2.2,"CRC (88th edition)"
83,"malonyl-CoA","acid-base",298.15,36,35,0,0,"CC(C)(COP(=O)([O-])OP(=O)([O-])OC[C@@H]1[C@H]([C@H]([C@H](n2cnc3c(N)[nH+]cnc23)O1)O)OP(=O)([O-])O)C(C(=NCCC(=NCCSC(=O)CC(=O)O)O)O)O","CC(C)(COP(=O)([O-])OP(=O)([O-])OC[C@@H]1[C@H]([C@H]([C@H](n2cnc3c(N)[nH+]cnc23)O1)O)OP(=O)([O-])O)C(C(=NCCC(=NCCSC(=O)CC(=O)[O-])O)O)O",4.21,"Values taken as is from methylmalonyl-CoA"
83,"malonyl-CoA","acid-base",298.15,35,34,0,0,"CC(C)(COP(=O)([O-])OP(=O)([O-])OC[C@@H]1[C@H]([C@H]([C@H](n2cnc3c(N)[nH+]cnc23)O1)O)OP(=O)([O-])O)C(C(=NCCC(=NCCSC(=O)CC(=O)[O-])O)O)O","CC(C)(COP(=O)([O-])OP(=O)([O-])OC[C@@H]1[C@H]([C@H]([C@H](n2cnc3c(N)ncnc23)O1)O)OP(=O)([O-])O)C(C(=NCCC(=NCCSC(=O)CC(=O)[O-])O)O)O",4.32,"Values taken as is from CoA"
83,"malonyl-CoA","acid-base",298.15,34,33,0,0,"CC(C)(COP(=O)([O-])OP(=O)([O-])OC[C@@H]1[C@H]([C@H]([C@H](n2cnc3c(N)ncnc23)O1)O)OP(=O)([O-])O)C(C(=NCCC(=NCCSC(=O)CC(=O)[O-])O)O)O","CC(C)(COP(=O)([O-])OP(=O)([O-])OC[C@@H]1[C@H]([C@H]([C@H](n2cnc3c(N)ncnc23)O1)O)OP(=O)([O-])[O-])C(C(=NCCC(=NCCSC(=O)CC(=O)[O-])O)O)O",6.31,"Values taken as is from CoA"
84,"acetaldehyde","acid-base",298.15,4,3,0,0,,,13.57,"CRC (88th edition)"
85,"D-fructose 6-phosphate","acid-base",296.15,12,11,0,0,"O1C(CO)(O)C(O)C(O)C1COP([O-])(O)=O","O1C(CO)(O)C(O)C(O)C1COP([O-])([O-])=O",6.06,"Robitaille (1990)"
85,"D-fructose-6-phosphate","Mg",298,11,11,1,0,"O1C(CO)(O)C(O)C(O)C1COP([O-])([O-])=O.[Mg+2]","O1C(CO)(O)C(O)C(O)C1COP([O-])([O-])=O",3.32,"Garcia et al. 1996"
86,"urea","acid-base",298.15,5,4,0,0,,,0.1,"CRC (88th edition)"
88,"nitrite","acid-base",298.15,1,0,0,0,"N(=O)O","N(=O)[O-]",3.23,"Alberty (2003)"
89,"sucrose","acid-base",298.15,22,21,0,0,,,12.7,"CRC (88th edition)"
90,"catechol","acid-base",298.15,5,4,0,0,"Oc1ccccc1[O-]","[O-]c1ccccc1[O-]",12.6,"CRC (88th edition)"
90,"catechol","acid-base",298.15,6,5,0,0,"Oc1ccccc1O","Oc1ccccc1[O-]",9.34,"CRC (88th edition)"
91,"succinyl-CoA","acid-base",298.15,37,36,0,0,"CC(C)(COP(=O)([O-])OP(=O)([O-])OC[C@@H]1[C@H]([C@H]([C@H](n2cnc3c(N)[nH+]cnc23)O1)O)OP(=O)([O-])O)C(C(=NCCC(=NCCSC(=O)CCC(=O)[O-])O)O)O","CC(C)(COP(=O)([O-])OP(=O)([O-])OC[C@@H]1[C@H]([C@H]([C@H](n2cnc3c(N)ncnc23)O1)O)OP(=O)([O-])O)C(C(=NCCC(=NCCSC(=O)CCC(=O)[O-])O)O)O",4.32,"Values taken as is from CoA"
91,"succinyl-CoA","acid-base",298.15,36,35,0,0,"CC(C)(COP(=O)([O-])OP(=O)([O-])OC[C@@H]1[C@H]([C@H]([C@H](n2cnc3c(N)ncnc23)O1)O)OP(=O)([O-])O)C(C(=NCCC(=NCCSC(=O)CCC(=O)[O-])O)O)O","CC(C)(COP(=O)([O-])OP(=O)([O-])OC[C@@H]1[C@H]([C@H]([C@H](n2cnc3c(N)ncnc23)O1)O)OP(=O)([O-])[O-])C(C(=NCCC(=NCCSC(=O)CCC(=O)[O-])O)O)O",6.31,"Values taken as is from CoA"
91,"succinyl-CoA","acid-base",298.15,38,37,0,0,"CC(C)(COP(=O)([O-])OP(=O)([O-])OC[C@@H]1[C@H]([C@H]([C@H](n2cnc3c(N)[nH+]cnc23)O1)O)OP(=O)([O-])O)C(C(=NCCC(=NCCSC(=O)CCC(=O)O)O)O)O","CC(C)(COP(=O)([O-])OP(=O)([O-])OC[C@@H]1[C@H]([C@H]([C@H](n2cnc3c(N)[nH+]cnc23)O1)O)OP(=O)([O-])O)C(C(=NCCC(=NCCSC(=O)CCC(=O)[O-])O)O)O",4.24,"Alberty (2003)"
92,"D-glucose 6-phosphate","acid-base",298.15,12,11,0,0,"C(C1C(C(C(C(O)O1)O)O)O)OP(=O)([O-])O","C(C1C(C(C(C(O)O1)O)O)O)OP(=O)([O-])[O-]",6.03,"Alberty (2003)"
92,"D-glucose 6-phosphate","Mg",298.15,11,11,1,0,"C([C@@H]1[C@H]([C@@H]([C@H]([C@@H](O)O1)O)O)O)OP(=O)([O-])[O-].[Mg+2]","C([C@@H]1[C@H]([C@@H]([C@H]([C@@H](O)O1)O)O)O)OP(=O)([O-])[O-]",2.6,"Alberty (2003)"
93,"sn-glycerol 3-phosphate","acid-base",296.15,8,7,0,0,"C(C(COP(=O)([O-])O)O)O","C(C(COP(=O)([O-])[O-])O)O",6.18,"Robitaille (1990)"
94,"sulfite","acid-base",298.15,2,1,0,0,"OS(=O)O","OS(=O)[O-]",1.77,"Thauer (1977)"
94,"sulfite","acid-base",298.15,1,0,0,0,"OS(=O)[O-]","[O-]S(=O)[O-]",7.24,"CRC (88th edition)"
95,"D-fructose",,298.15,12,12,0,0,,,,
97,"L-cysteine","acid-base",298.15,6,5,0,0,"[S-]CC(C(=O)[O-])[NH3+]","[S-]CC(C(=O)[O-])[NH2]",10.2,"CRC (88th edition)"
97,"L-cysteine","acid-base",298.15,7,6,0,0,"[SH]CC(C(=O)[O-])[NH3+]","[S-]CC(C(=O)[O-])[NH3+]",8.7,"CRC (88th edition)"
97,"L-cysteine","acid-base",298.15,8,7,0,0,"[SH]CC(C(=O)[OH])[NH3+]","[SH]CC(C(=O)[O-])[NH3+]",1.5,"CRC (88th edition)"
99,"beta-alanine","acid-base",298.15,7,6,0,0,"O=C([O-])CC[NH3+]","O=C([O-])CC[NH2]",10.24,"Lange's handbook"
99,"beta-alanine","acid-base",298.15,8,7,0,0,"O=C([OH])CC[NH3+]","O=C([O-])CC[NH3+]",3.55,"Lange's handbook"
100,"propanoyl-CoA","acid-base",298.15,38,37,0,0,"CC(C)(COP([O-])(=O)OP([O-])(=O)OC[C@H]1O[C@H]([C@H](O)[C@@H]1OP([O-])(O)=O)n2cnc3c(N)[nH+]cnc23)[C@@H](O)C(=O)NCCC(=O)NCCSC(=O)CC","CC(C)(COP([O-])(=O)OP([O-])(=O)OC[C@H]1O[C@H]([C@H](O)[C@@H]1OP([O-])(O)=O)n2cnc3c(N)ncnc23)[C@@H](O)C(=O)NCCC(=O)NCCSC(=O)CC",4.32,"Values taken as is from CoA"
100,"propanoyl-CoA","acid-base",298.15,37,36,0,0,"CC(C)(COP([O-])(=O)OP([O-])(=O)OC[C@H]1O[C@H]([C@H](O)[C@@H]1OP([O-])(O)=O)n2cnc3c(N)ncnc23)[C@@H](O)C(=O)NCCC(=O)NCCSC(=O)CC","CC(C)(COP([O-])(=O)OP([O-])(=O)OC[C@H]1O[C@H]([C@H](O)[C@@H]1OP([O-])([O-])=O)n2cnc3c(N)ncnc23)[C@@H](O)C(=O)NCCC(=O)NCCSC(=O)CC",6.31,"Values taken as is from CoA"
101,"Tetrahydrofolate","acid-base",298.15,24,23,0,0,,,3.5,"Poe (1977), Kallen (1966)"
101,"Tetrahydrofolate","acid-base",298.15,23,22,0,0,,,4.8,"Poe (1977), Kallen (1966)"
101,"Tetrahydrofolate","acid-base",298.15,22,21,0,0,,,4.82,"Poe (1977), Alonso (2006)"
101,"Tetrahydrofolate","acid-base",298.15,21,20,0,0,,,10.5,"Poe (1977)"
103,"D-Glucose 1-phosphate","acid-base",298.15,12,11,0,0,"C([C@@H]1[C@H]([C@@H]([C@H]([C@H](O1)OP(=O)([O-])O)O)O)O)O","C([C@@H]1[C@H]([C@@H]([C@H]([C@H](O1)OP(=O)([O-])[O-])O)O)O)O",6.04,"Alberty (2003)"
104,"IDP","acid-base",298.15,12,11,0,0,,,7.18,"Alberty (2003)"
104,"IDP","acid-base",298.15,11,10,0,0,,,9.57,"Alberty (2003)"
105,"UMP","acid-base",298.15,12,11,0,0,,,6.73,"Alberty (2003)"
105,"UMP","acid-base",298.15,11,10,0,0,,,10.23,"Alberty (2003)"
106,"uracil","acid-base",298.15,4,3,0,0,,,9.45,"Christensen (1970b)"
109,"2-Oxobutanoate","acid-base",298.15,6,5,0,0,"CCC(=O)C(=O)O","CCC(=O)C(=O)[O-]",2.5,"CRC (88th edition)"
111,"dihydroxyacetone-P","Mg",298,5,5,1,0,"C(C(=O)COP(=O)([O-])[O-])O.[Mg+2]","C(C(=O)COP(=O)([O-])[O-])O",2,"Smith et al. (2004)"
111,"dihydroxyacetone-P","acid-base",296.15,6,5,0,0,"C(C(=O)COP(=O)([O-])O)O","C(C(=O)COP(=O)([O-])[O-])O",5.75,"Robitaille (1990)"
112,"CDP","acid-base",298.15,14,13,0,0,,,4.76,"Alberty (2003)"
112,"CDP","acid-base",298.15,13,12,0,0,,,7.18,"Alberty (2003)"
114,"choline","acid-base",298.15,14,13,0,0,,,13.9,"CRC (88th edition)"
116,"glycerol","acid-base",298.15,8,7,0,0,,,14.15,"CRC (88th edition)"
117,"D-ribose 5-phosphate","acid-base",296.15,10,9,0,0,"C([C@H]([C@H]([C@H](C=O)O)O)O)OP(=O)([O-])O","C([C@H]([C@H]([C@H](C=O)O)O)O)OP(=O)([O-])[O-]",6.17,"Robitaille (1990)"
118,"D-glyceraldehyde-3-phosphate","Mg",298,5,5,1,0,"C(=O)[C@@H](COP(=O)([O-])[O-])O.[Mg+2]","C(=O)[C@@H](COP(=O)([O-])[O-])O",1.63,"Vojinovic and von Stockar 2009"
118,"D-glyceraldehyde 3-phosphate","acid-base",296.15,6,5,0,0,"C(=O)[C@@H](COP(=O)([O-])O)O","C(=O)[C@@H](COP(=O)([O-])[O-])O",6.19,"Robitaille (1990)"
119,"5-phospho-alpha-D-ribose 1-diphosphate","acid-base",298.15,9,8,0,0,"C(C1C(C(C(O1)OP(=O)([O-])OP(=O)([O-])O)O)O)OP(=O)([O-])[O-]","C(C1C(C(C(O1)OP(=O)([O-])OP(=O)([O-])[O-])O)O)OP(=O)([O-])[O-]",7.18,"Alberty (2003)"
119,"5-phospho-alpha-D-ribose 1-diphosphate","acid-base",298.15,10,9,0,0,"C(C1C(C(C(O1)OP(=O)([O-])OP(=O)([O-])O)O)O)OP(=O)([O-])O","C(C1C(C(C(O1)OP(=O)([O-])OP(=O)([O-])O)O)O)OP(=O)([O-])[O-]",6.69,"Alberty (2003)"
121,"D-ribose","acid-base",298.15,10,9,0,0,,,12.22,"CRC (88th edition)"
122,"fumarate","acid-base",298.15,3,2,0,0,"OC(=O)\C=C\C([O-])=O","[O-]C(=O)\C=C\C([O-])=O",4.38,"CRC (88th edition)"
122,"fumarate","acid-base",298.15,4,3,0,0,"OC(=O)\C=C\C(O)=O","OC(=O)\C=C\C([O-])=O",3.02,"CRC (88th edition)"
123,"L-leucine","acid-base",298.15,13,12,0,0,"CC(C)CC(C(=O)[O-])[NH3+]","CC(C)CC(C(=O)[O-])[NH2]",9.74,"CRC (88th edition)"
123,"L-leucine","acid-base",298.15,14,13,0,0,"CC(C)CC(C(=O)[OH])[NH3+]","CC(C)CC(C(=O)[O-])[NH3+]",2.33,"CRC (88th edition)"
124,"D-galactose",,298.15,12,12,0,0,,,,
127,"diglutathione","acid-base",298.15,34,33,0,0,,,2.12,"Taken from glutathion (assuming 8.66 is for the -SH)"
127,"diglutathione","acid-base",298.15,33,32,0,0,,,2.12,"Taken from glutathion (assuming 8.66 is for the -SH)"
127,"diglutathione","acid-base",298.15,32,31,0,0,,,3.53,"Taken from glutathion (assuming 8.66 is for the -SH)"
127,"diglutathione","acid-base",298.15,31,30,0,0,,,3.53,"Taken from glutathion (assuming 8.66 is for the -SH)"
127,"diglutathione","acid-base",298.15,30,29,0,0,,,9.12,"Taken from glutathion (assuming 8.66 is for the -SH)"
127,"diglutathione","acid-base",298.15,29,28,0,0,,,9.12,"Taken from glutathion (assuming 8.66 is for the -SH)"
130,"IMP","acid-base",298.15,12,11,0,0,,,6.73,"Alberty (2003)"
130,"IMP","acid-base",298.15,11,10,0,0,,,9.65,"Alberty (2003)"
132,"methanol","acid-base",298.15,4,3,0,0,,,15.5,"CRC (88th edition)"
134,"Putrescine","acid-base",298.15,14,13,0,0,"[NH3+]CCCC[NH3+]","[NH3+]CCCCN",10.8,"CRC (88th edition)"
134,"Putrescine","acid-base",298.15,13,12,0,0,"[NH3+]CCCCN","NCCCCN",9.63,"CRC (88th edition)"
135,"L-Histidine","acid-base",298.15,9,8,0,0,"O=C([O-])C([NH3+])Cc1c[nH]c[n]1","O=C([O-])C([NH2])Cc1c[nH]c[n]1",9.33,"CRC (88th edition)"
135,"L-Histidine","acid-base",298.15,10,9,0,0,"O=C([O-])C([NH3+])Cc1c[nH]c[nH+]1","O=C([O-])C([NH3+])Cc1c[nH]c[n]1",6.04,"CRC (88th edition)"
135,"L-Histidine","acid-base",298.15,11,10,0,0,"O=C([OH])C([NH3+])Cc1c[nH]c[nH+]1","O=C([O-])C([NH3+])Cc1c[nH]c[nH+]1",1.8,"CRC (88th edition)"
140,"N-Acetyl-D-glucosamine",,298.15,15,15,0,0,,,,
143,"5,10-Methylenetetrahydrofolate","acid-base",298.15,24,23,0,0,,,3.5,"Taken as is from THF"
143,"5,10-Methylenetetrahydrofolate","acid-base",298.15,23,22,0,0,,,4.8,"Taken as is from THF"
143,"5,10-Methylenetetrahydrofolate","acid-base",298.15,22,21,0,0,,,10.5,"Taken as is from THF"
143,"5,10-Methylenetetrahydrofolate","acid-base",298.15,22,21,0,0,,,5.05,"Taken as is from 5-methyl-THF"
144,"GMP","acid-base",298.15,13,12,0,0,,,6.73,"Alberty (2003)"
144,"GMP","acid-base",298.15,12,11,0,0,,,9.94,"Alberty (2003)"
147,"adenine","acid-base",298.15,6,5,0,0,"c1nc2c([NH2])[nH+]cnc2n1","c1nc2c([NH2])ncnc2n1",4.15,"Christensen (1970a)"
147,"adenine","acid-base",298.15,5,4,0,0,"c1nc2c([NH2])ncnc2n1","c1nc2c([NH2])ncnc2[n-]1",9.87,"Christensen (1970a)"
148,"L-Proline","acid-base",298.15,9,8,0,0,"C1CC([NH2+]C1)C(=O)[O-]","C1CC([NH]C1)C(=O)[O-]",10.64,"CRC (88th edition)"
148,"L-Proline","acid-base",298.15,10,9,0,0,"C1CC([NH2+]C1)C(=O)[OH]","C1CC([NH2+]C1)C(=O)[O-]",1.95,"CRC (88th edition)"
149,"(S)-Malate","acid-base",298.15,5,4,0,0,"C(=O)([O-])C(O)CC(=O)O","C(=O)([O-])C(O)CC(=O)[O-]",5.11,"CRC (88th edition)"
149,"(S)-Malate","acid-base",298.15,6,5,0,0,"C(=O)(O)C(O)CC(=O)O","C(=O)([O-])C(O)CC(=O)O",3.4,"CRC (88th edition)"
152,"L-Asparagine","acid-base",293.15,8,7,0,0,"[NH2]C(=O)CC(C(=O)[O-])[NH3+]","[NH2]C(=O)CC(C(=O)[O-])[NH2]",8.8,"CRC (88th edition)"
152,"L-Asparagine","acid-base",293.15,9,8,0,0,"[NH2]C(=O)CC(C(=O)[OH])[NH3+]","[NH2]C(=O)CC(C(=O)[O-])[NH3+]",2.1,"CRC (88th edition)"
154,"palmitoyl-CoA","acid-base",298.15,64,63,0,0,"CC(C)(COP([O-])(=O)OP([O-])(=O)OC[C@H]1O[C@H]([C@H](O)[C@@H]1OP([O-])(O)=O)n2cnc3c(N)[nH+]cnc23)[C@@H](O)C(=O)NCCC(=O)NCCSC(=O)CCCCCCCCCCCCCCC","CC(C)(COP([O-])(=O)OP([O-])(=O)OC[C@H]1O[C@H]([C@H](O)[C@@H]1OP([O-])(O)=O)n2cnc3c(N)ncnc23)[C@@H](O)C(=O)NCCC(=O)NCCSC(=O)CCCCCCCCCCCCCCC",4.32,"Values taken as is from CoA"
154,"palmitoyl-CoA","acid-base",298.15,63,62,0,0,"CC(C)(COP([O-])(=O)OP([O-])(=O)OC[C@H]1O[C@H]([C@H](O)[C@@H]1OP([O-])(O)=O)n2cnc3c(N)ncnc23)[C@@H](O)C(=O)NCCC(=O)NCCSC(=O)CCCCCCCCCCCCCCC","CC(C)(COP([O-])(=O)OP([O-])(=O)OC[C@H]1O[C@H]([C@H](O)[C@@H]1OP([O-])([O-])=O)n2cnc3c(N)ncnc23)[C@@H](O)C(=O)NCCC(=O)NCCSC(=O)CCCCCCCCCCCCCCC",6.31,"Values taken as is from CoA"
155,"L-Homocysteine","acid-base",298.15,8,7,0,0,"[S-]CCC(C(=O)[O-])[NH3+]","[S-]CCC(C(=O)[O-])[NH2]",10.86,"CRC (88th edition)"
155,"L-Homocysteine","acid-base",298.15,9,8,0,0,"[SH]CCC(C(=O)[O-])[NH3+]","[S-]CCC(C(=O)[O-])[NH3+]",8.87,"CRC (88th edition)"
155,"L-Homocysteine","acid-base",298.15,10,9,0,0,"[SH]CCC(C(=O)[OH])[NH3+]","[SH]CCC(C(=O)[O-])[NH3+]",2.22,"CRC (88th edition)"
156,"4-Hydroxybenzoate","acid-base",298.15,5,4,0,0,"C1=CC(=CC=C1C(=O)[O-])O","C1=CC(=CC=C1C(=O)[O-])[O-]",9.46,"CRC (88th edition)"
156,"4-Hydroxybenzoate","acid-base",298.15,6,5,0,0,"C1=CC(=CC=C1C(=O)O)O","C1=CC(=CC=C1C(=O)[O-])O",4.57,"CRC (88th edition)"
158,"Citrate","acid-base",298.15,6,5,0,0,"C(C(=O)[O-])C(CC(=O)[O-])(C(=O)O)O","C(C(=O)[O-])C(CC(=O)[O-])(C(=O)[O-])O",6.4,"CRC (88th edition)"
158,"Citrate","acid-base",298.15,7,6,0,0,"C(C(=O)[O-])C(CC(=O)O)(C(=O)O)O","C(C(=O)[O-])C(CC(=O)[O-])(C(=O)O)O",4.76,"CRC (88th edition)"
158,"Citrate","acid-base",298.15,8,7,0,0,"C(C(=O)O)C(CC(=O)O)(C(=O)O)O","C(C(=O)[O-])C(CC(=O)O)(C(=O)O)O",3.13,"CRC (88th edition)"
159,"D-Mannose","acid-base",298.15,12,11,0,0,,,12.08,"CRC (88th edition)"
160,"Glycolate","acid-base",298.15,4,3,0,0,"OCC(=O)O","OCC(=O)[O-]",3.83,"CRC (88th edition)"
163,"Propanoate","acid-base",298.15,6,5,0,0,"CCC(=O)O","CCC(=O)[O-]",4.87,"CRC (88th edition)"
164,"Acetoacetate","acid-base",298.15,6,5,0,0,"CC(=O)CC(=O)O","CC(=O)CC(=O)[O-]",3.6,"CRC (88th edition)"
168,"hydroxypyruvate","acid-base",298.15,4,3,0,0,,,3.8,"Taken as is from pyruvate"
169,"Carbamoyl phosphate","acid-base",296.15,4,3,0,0,"C(=O)(N)OP(=O)(O)O","C(=O)(N)OP(=O)(O)[O-]",4.78,"Robitaille (1990)"
169,"Carbamoyl phosphate","acid-base",298.15,3,2,0,0,"C(=O)(N)OP(=O)(O)[O-]","C(=O)(N)OP(=O)([O-])[O-]",8.69,"CRC (88th edition)"
178,"thymine","acid-base",298.15,6,5,0,0,,,9.9,"Christensen (1970b)"
180,"Benzoate","acid-base",298.15,6,5,0,0,"c1ccccc1C(=O)O","c1ccccc1C(=O)[O-]",4.2,"CRC (88th edition)"
181,"D-Xylose","acid-base",291.15,10,9,0,0,,,12.14,"CRC (88th edition)"
183,"L-Valine","acid-base",298.15,11,10,0,0,"CC(C)C(C(=O)[O-])[NH3+]","CC(C)C(C(=O)[O-])[NH2]",9.74,"CRC (88th edition)"
183,"L-Valine","acid-base",298.15,12,11,0,0,"CC(C)C(C(=O)[OH])[NH3+]","CC(C)C(C(=O)[O-])[NH3+]",2.29,"CRC (88th edition)"
184,"Glycerone",,298.15,6,6,0,0,,,,
185,"Cellobiose",,298.15,22,22,0,0,,,,
186,"lactate","Mg",,5,5,1,0,"C[C@@H](C(=O)[O-])O.[Mg+2]","C[C@@H](C(=O)[O-])O",1.37,"Smith et al. 2004"
186,"(S)-Lactate","acid-base",298.15,6,5,0,0,"CC(O)C(=O)O","CC(O)C(=O)[O-]",3.86,"CRC (88th edition)"
188,"L-Threonine","acid-base",298.15,9,8,0,0,"CC([OH])C(C(=O)[O-])[NH3+]","CC([OH])C(C(=O)[O-])[NH2]",9.1,"CRC (88th edition)"
188,"L-Threonine","acid-base",298.15,10,9,0,0,"CC([OH])C(C(=O)[OH])[NH3+]","CC([OH])C(C(=O)[O-])[NH3+]",2.09,"CRC (88th edition)"
189,"Ethanolamine","acid-base",298.15,8,7,0,0,"OCC[NH3+]","OCCN",9.5,"CRC (88th edition)"
190,"UDP-D-xylose",,298.15,20,20,0,0,,,,
197,"3-Phospho-D-glycerate","acid-base",296.15,5,4,0,0,"C([C@H](C(=O)[O-])O)OP(=O)([O-])O","C([C@H](C(=O)[O-])O)OP(=O)([O-])[O-]",6.21,"Robitaille (1990)"
197,"3-Phospho-D-glycerate","Mg",,4,4,1,0,"C([C@H](C(=O)[O-])O)OP(=O)([O-])[O-].[Mg+2]","C([C@H](C(=O)[O-])O)OP(=O)([O-])[O-]",2.84,"Larssonr 1972"
198,"D-glucono-1,5-lactone",,298.15,10,10,0,0,,,,
199,"D-ribulose 5-phosphate","acid-base",296.15,10,9,0,0,"C(C(C(C(=O)CO)O)O)OP(=O)([O-])O","C(C(C(C(=O)CO)O)O)OP(=O)([O-])[O-]",6.01,"Robitaille (1990)"
207,"acetone",,298.15,6,6,0,0,,,,
208,"maltose",,298.15,22,22,0,0,,,,
209,"Oxalate","acid-base",298.15,1,0,0,0,"C(=O)(O)C(=O)[O-]","C(=O)([O-])C(=O)[O-]",3.81,"CRC (88th edition)"
209,"Oxalate","acid-base",298.15,2,1,0,0,"C(=O)(O)C(=O)O","C(=O)(O)C(=O)[O-]",1.25,"CRC (88th edition)"
209,"Oxalate","acid-base",298.15,1,0,0,0,"C(=O)(O)C(=O)[O-]","C(=O)([O-])C(=O)[O-]",4.29,"Alberty (2003)"
212,"adenosine","acid-base",298.15,14,13,0,0,,,3.6,"Christensen (1970a)"
212,"adenosine","acid-base",298.15,13,12,0,0,,,12.35,"Christensen (1970a)"
213,"Sarcosine","acid-base",298.15,7,6,0,0,"C[NH2+]CC(=O)[O-]","CNCC(=O)[O-]",10.1,"CRC (88th edition)"
213,"Sarcosine","acid-base",298.15,8,7,0,0,"C[NH2+]CC(=O)O","C[NH2+]CC(=O)[O-]",2.21,"CRC (88th edition)"
214,"thymidine",,298.15,14,13,0,0,,,9.79,"Christensen (1970b)"
216,"D-arabinose",,298.15,10,10,0,0,,,,
217,"D-glutamate","acid-base",298.15,10,9,0,0,,,2.13,"Taken as is from L-glutamate"
217,"D-glutamate","acid-base",298.15,9,8,0,0,,,4.31,"Taken as is from L-glutamate"
217,"D-glutamate","acid-base",298.15,8,7,0,0,,,9.67,"Taken as is from L-glutamate"
218,"Methylamine","acid-base",298.15,6,5,0,0,"C[NH3+]","CN",10.66,"CRC (88th edition)"
227,"acetyl-phosphate","acid-base",296.15,4,3,0,0,,,4.68,"Robitaille (1990)"
227,"Acetyl phosphate","acid-base",298.15,4,3,0,0,"CC(=O)OP(=O)([O-])O","CC(=O)OP(=O)([O-])[O-]",8.53,"Alberty (2003)"
227,"Acetyl phosphate","acid-base",298.15,5,4,0,0,"CC(=O)OP(=O)(O)O","CC(=O)OP(=O)([O-])O",5.29,"Alberty (2003)"
230,"3,4-Dihydroxybenzoate","acid-base",298.15,4,3,0,0,"c1cc(O)c([O-])cc1C(=O)[O-]","c1cc([O-])c([O-])cc1C(=O)[O-]",12.6,"CRC (88th edition)"
230,"3,4-Dihydroxybenzoate","acid-base",298.15,5,4,0,0,"c1cc(O)c(O)cc1C(=O)[O-]","c1cc(O)c([O-])cc1C(=O)[O-]",8.83,"CRC (88th edition)"
230,"3,4-Dihydroxybenzoate","acid-base",298.15,6,5,0,0,"c1cc(O)c(O)cc1C(=O)O","c1cc(O)c(O)cc1C(=O)[O-]",4.48,"CRC (88th edition)"
234,"10-formyltetrahydrofolate","acid-base",298.15,23,22,0,0,,,3.5,"Taken as is from THF at Poe (1977)"
234,"10-formyltetrahydrofolate","acid-base",298.15,24,23,0,0,,,2.4,"Taken as is from 10-methyl-THF at Poe (1977)"
234,"10-formyltetrahydrofolate","acid-base",298.15,22,21,0,0,,,4.62,"Taken as is from 10-methyl-THF at Poe (1977)"
234,"10-formyltetrahydrofolate","acid-base",298.15,21,20,0,0,,,7.68,"Taken as is from 10-methyl-THF at Poe (1977)"
236,"1,3-bisphosphoglycerate","Mg",298,4,4,1,0,"C([C@H](C(=O)OP(=O)([O-])[O-])O)OP(=O)([O-])[O-].[Mg+2]","C([C@H](C(=O)OP(=O)([O-])[O-])O)OP(=O)([O-])[O-]",3.75,"Vojinovic and von Stockar 2009"
236,"1,3-bisphosphoglycerate","acid-base",298.15,6,5,0,0,"C([C@H](C(=O)OP(=O)([O-])O)O)OP(=O)([O-])O","C([C@H](C(=O)OP(=O)([O-])[O-])O)OP(=O)([O-])O",6.77,"Hatzimanikatis (2008)"
236,"1,3-bisphosphoglycerate","acid-base",298.15,5,4,0,0,"C([C@H](C(=O)OP(=O)([O-])[O-])O)OP(=O)([O-])O","C([C@H](C(=O)OP(=O)([O-])[O-])O)OP(=O)([O-])[O-]",7.97,"Alberty (2003)"
242,"guanine","acid-base",298.15,5,4,0,0,,,9.21,"Alberty (2003)"
243,"Lactose",,298.15,22,22,0,0,,,,
244,"Nitrate","acid-base",298.15,1,0,0,0,"N(=O)(=O)O","N(=O)(=O)[O-]",0.44,"CRC (88th edition)"
245,"Taurine","acid-base",298.15,7,6,0,0,"[NH3+]CCS(=O)(=O)[O-]","NCCS(=O)(=O)[O-]",9.06,"CRC (88th edition)"
245,"Taurine","acid-base",298.15,8,7,0,0,"[NH3+]CCS(=O)(=O)O","[NH3+]CCS(=O)(=O)[O-]",1.5,"CRC (88th edition)"
246,"Butanoic acid","acid-base",298.15,8,7,0,0,"CCCC(=O)O","CCCC(=O)[O-]",4.83,"CRC (88th edition)"
247,"L-Sorbose",,298.15,12,12,0,0,,,,
249,"palmitate",,298.15,32,31,0,0,"CCCCCCCCCCCCCCCC(=O)O","CCCCCCCCCCCCCCCC(=O)[O-]",4.8,"Moran (1987)"
250,"pyridoxal",,298.15,10,9,0,0,,,5,"Taken as is from pyridoxine"
250,"pyridoxal",,298.15,9,8,0,0,,,9,"Taken as is from pyridoxine"
252,"Isomaltose",,298.15,22,22,0,0,,,,
253,"Nicotinate","acid-base",298.15,6,5,0,0,,,2,"CRC (88th edition)"
253,"Nicotinate","acid-base",298.15,5,4,0,0,,,4.82,"CRC (88th edition)"
255,"riboflavin","acid-base",298.15,21,20,0,0,,,1.7,"CRC (88th edition)"
255,"riboflavin","acid-base",298.15,20,19,0,0,,,9.69,"CRC (88th edition)"
256,"(R)-lactate","acid-base",298.15,6,5,0,0,"CC(O)C(=O)O","CC(O)C(=O)[O-]",3.86,"CRC (88th edition)"
257,"gluconate","acid-base",298.15,12,11,0,0,,,3.45,"Reaxys"
258,"D-glycerate","acid-base",298.15,6,5,0,0,"C(O)C(O)C(=O)O","C(O)C(O)C(=O)[O-]",3.52,"CRC (88th edition)"
261,"benzaldehyde","acid-base",298.15,6,5,0,0,,,14.9,"CRC (88th edition)"
262,"hypoxanthine","acid-base",298.15,5,4,0,0,,,1.8,"Christensen (1970a)"
262,"hypoxanthine","acid-base",298.15,4,3,0,0,,,8.9,"Christensen (1970a)"
262,"hypoxanthine","acid-base",298.15,3,2,0,0,,,12.07,"Christensen (1970a)"
263,"L-homoserine","acid-base",298.15,9,8,0,0,"[OH]CCC(C(=O)[O-])[NH3+]","[OH]CCC(C(=O)[O-])[NH2]",9.62,"CRC (88th edition)"
263,"L-homoserine","acid-base",298.15,10,9,0,0,"[OH]CCC(C(=O)[OH])[NH3+]","[OH]CCC(C(=O)[O-])[NH3+]",2.71,"CRC (88th edition)"
266,"glycolaldehyde",,298.15,4,4,0,0,,,,
273,"5-dehydro-D-fructose",,298.15,10,10,0,0,,,,
275,"D-mannose 6-phosphate","acid-base",296.15,12,11,0,0,"C(C1C(C(C(C(O1)O)O)O)O)OP(=O)([O-])O","C(C1C(C(C(C(O1)O)O)O)O)OP(=O)([O-])[O-]",6.05,"Robitaille (1990)"
283,"hydrogen sulfide","acid-base",298.15,1,0,0,0,"[SH-1]","[S-2]",12.92,"CRC (88th edition)"
283,"hydrogen sulfide","acid-base",298.15,2,1,0,0,"[SH2]","[SH-1]",7,"CRC (88th edition)"
288,"HCO3-","acid-base",298.15,1,0,0,0,"C(=O)([O-])O","C(=O)([O-])[O-]",10.33,"CRC (88th edition)"
288,"HCO3-","acid-base",298.15,2,1,0,0,"C(=O)(O)O","C(=O)([O-])O",6.37,"CRC (88th edition)"
292,"aniline","acid-base",298.15,8,7,0,0,"c1ccccc1[NH3+]","c1ccccc1N",4.87,"CRC (88th edition)"
294,"inosine","acid-base",298.15,12,11,0,0,,,8.96,"Christensen (1970a)"
294,"inosine","acid-base",298.15,12,11,0,0,,,12.36,"Christensen (1970a)"
295,"orotate","acid-base",298.15,4,3,0,0,,,1.8,"Salerno (2002)"
295,"orotate","acid-base",298.15,3,2,0,0,,,9.6,"Salerno (2002)"
299,"uridine","acid-base",298.15,12,11,0,0,,,9.3,"Christensen (1970b)"
299,"uridine","acid-base",298.15,11,10,0,0,,,12.59,"Christensen (1970b)"
300,"creatine","acid-base",298.15,10,9,0,0,"C(=O)(O)CN(C)C(=[NH2+])[NH2]","C(=O)([O-])CN(C)C(=[NH2+])[NH2]",2.67,"Reaxys"
300,"creatine","acid-base",298.15,9,8,0,0,"C(=O)([O-])CN(C)C(=[NH2+])[NH2]","C(=O)([O-])CN(C)C(=N)[NH2]",14.3,"CRC (88th edition)"
309,"D-ribulose",,298.15,10,10,0,0,,,,
310,"D-xylulose",,298.15,10,10,0,0,,,,
311,"isocitrate","acid-base",298.15,8,7,0,0,,,3.29,"Alberty (2003)"
311,"isocitrate","acid-base",298.15,7,6,0,0,,,4.71,"Alberty (2003)"
311,"isocitrate","acid-base",298.15,6,5,0,0,,,6.4,"Alberty (2003)"
312,"L-xylulose",,298.15,10,10,0,0,,,,
313,"oxalyl-CoA","acid-base",298.15,33,32,0,0,"CC(C)(COP([O-])(=O)OP([O-])(=O)OC[C@H]1O[C@H]([C@H](O)[C@@H]1OP([O-])(O)=O)n2cnc3c(N)[nH+]cnc23)[C@@H](O)C(=O)NCCC(=O)NCCSC(=O)C(=O)[O-]","CC(C)(COP([O-])(=O)OP([O-])(=O)OC[C@H]1O[C@H]([C@H](O)[C@@H]1OP([O-])(O)=O)n2cnc3c(N)ncnc23)[C@@H](O)C(=O)NCCC(=O)NCCSC(=O)C(=O)[O-]",4.32,"Values taken as is from CoA"
313,"oxalyl-CoA","acid-base",298.15,32,31,0,0,"CC(C)(COP([O-])(=O)OP([O-])(=O)OC[C@H]1O[C@H]([C@H](O)[C@@H]1OP([O-])(O)=O)n2cnc3c(N)ncnc23)[C@@H](O)C(=O)NCCC(=O)NCCSC(=O)C(=O)[O-]","CC(C)(COP([O-])(=O)OP([O-])(=O)OC[C@H]1O[C@H]([C@H](O)[C@@H]1OP([O-])([O-])=O)n2cnc3c(N)ncnc23)[C@@H](O)C(=O)NCCC(=O)NCCSC(=O)C(=O)[O-]",6.31,"Values taken as is from CoA"
314,"pyridoxine","acid-base",298.15,12,11,0,0,,,5,"Bhat (1994)"
314,"pyridoxine","acid-base",298.15,11,10,0,0,,,9,"Bhat (1994)"
327,"L-citrulline","acid-base",298.15,14,13,0,0,,,2.43,"CRC (88th edition)"
327,"L-citrulline","acid-base",298.15,13,12,0,0,,,9.69,"CRC (88th edition)"
332,"acetoacetyl-CoA","acid-base",298.15,38,37,0,0,"CC(C)(COP([O-])(=O)OP([O-])(=O)OC[C@H]1O[C@H]([C@H](O)[C@@H]1OP([O-])(O)=O)n2cnc3c(N)[nH+]cnc23)[C@@H](O)C(=O)NCCC(=O)NCCSC(=O)CC(=O)C","CC(C)(COP([O-])(=O)OP([O-])(=O)OC[C@H]1O[C@H]([C@H](O)[C@@H]1OP([O-])(O)=O)n2cnc3c(N)ncnc23)[C@@H](O)C(=O)NCCC(=O)NCCSC(=O)CC(=O)C",4.32,"CRC (88th edition)"
332,"acetoacetyl-CoA","acid-base",298.15,37,36,0,0,"CC(C)(COP([O-])(=O)OP([O-])(=O)OC[C@H]1O[C@H]([C@H](O)[C@@H]1OP([O-])(O)=O)n2cnc3c(N)ncnc23)[C@@H](O)C(=O)NCCC(=O)NCCSC(=O)CC(=O)C","CC(C)(COP([O-])(=O)OP([O-])(=O)OC[C@H]1O[C@H]([C@H](O)[C@@H]1OP([O-])([O-])=O)n2cnc3c(N)ncnc23)[C@@H](O)C(=O)NCCC(=O)NCCSC(=O)CC(=O)C",6.31,"CRC (88th edition)"
334,"4-aminobutanoate","acid-base",298.15,9,8,0,0,"C(CC(=O)[O-])C[NH3+]","C(CC(=O)[O-])CN",10.56,"CRC (88th edition)"
334,"4-aminobutanoate","acid-base",298.15,10,9,0,0,"C(CC(=O)O)C[NH3+]","C(CC(=O)[O-])C[NH3+]",4.03,"CRC (88th edition)"
345,"6-phosphogluconate","acid-base",298.15,14,13,0,0,,,3.45,"Taken as is from gluconate"
345,"6-phosphogluconate","acid-base",296.15,13,12,0,0,,,6.09,"Robitaille (1990)"
346,"phosphoethanolamine","acid-base",296.15,8,7,0,0,,,5.66,"Robitaille (1990)"
346,"phosphoethanolamine","acid-base",296.15,7,6,0,0,,,10.7,"Robitaille (1990)"
354,"D-fructose 1,6-bisphosphate","acid-base",296.15,11,10,0,0,,,6.09,"Robitaille (1990)"
354,"D-fructose 1,6-bisphosphate","acid-base",296.15,12,11,0,0,,,5.96,"Robitaille (1990)"
354,"D-fructose-1,6-bisphosphate","Mg",298,10,10,1,0,"C([C@@H]1[C@H]([C@@H](C(COP(=O)([O-])[O-])(O)O1)O)O)OP(=O)([O-])[O-].[Mg+2]","C([C@@H]1[C@H]([C@@H](C(COP(=O)([O-])[O-])(O)O1)O)O)OP(=O)([O-])[O-]",3.75,"Garcia et al. 1996"
355,"3,4-dihydroxy-L-phenylalanine","acid-base",298.15,12,11,0,0,,,2.32,"CRC (88th edition)"
355,"3,4-dihydroxy-L-phenylalanine","acid-base",298.15,11,10,0,0,,,8.72,"CRC (88th edition)"
355,"3,4-dihydroxy-L-phenylalanine","acid-base",298.15,10,9,0,0,,,9.96,"CRC (88th edition)"
355,"3,4-dihydroxy-L-phenylalanine","acid-base",298.15,9,8,0,0,,,11.79,"CRC (88th edition)"
366,"urate","acid-base",285.15,4,3,0,0,,,3.89,"CRC (88th edition)"
366,"urate","acid-base",285.15,4,3,0,0,,,5.44,"Alberty (2003)"
376,"retinal",,298.15,28,28,0,0,,,,
379,"xylitol",,298.15,12,12,0,0,,,,
380,"cytosine","acid-base",298.15,6,5,0,0,,,4.58,"Christensen (1970b)"
380,"cytosine","acid-base",298.15,5,4,0,0,,,12.15,"Christensen (1970b)"
383,"malonate","acid-base",298.15,3,2,0,0,"C(=O)([O-])CC(=O)O","C(=O)([O-])CC(=O)[O-]",5.7,"CRC (88th edition)"
383,"malonate","acid-base",298.15,4,3,0,0,"C(=O)(O)CC(=O)O","C(=O)([O-])CC(=O)O",2.85,"CRC (88th edition)"
385,"xanthine","acid-base",298.15,4,3,0,0,,,7.53,"Christensen (1970a)"
385,"xanthine","acid-base",298.15,3,2,0,0,,,11.84,"Christensen (1970a)"
386,"carnosine","acid-base",293.15,16,15,0,0,,,2.73,"CRC (88th edition)"
386,"carnosine","acid-base",293.15,15,14,0,0,,,6.87,"CRC (88th edition)"
386,"carnosine","acid-base",293.15,14,13,0,0,,,9.73,"CRC (88th edition)"
387,"guanosine","acid-base",298.15,14,13,0,0,,,1.9,"Christensen (1970b)"
387,"guanosine","acid-base",298.15,13,12,0,0,,,9.25,"Christensen (1970b)"
387,"guanosine","acid-base",298.15,12,11,0,0,,,12.33,"Christensen (1970b)"
388,"1H-Imidazole-4-ethanamine","acid-base",298.15,11,10,0,0,,,6.04,"CRC (88th edition)"
388,"1H-Imidazole-4-ethanamine","acid-base",298.15,10,9,0,0,,,9.75,"CRC (88th edition)"
392,"mannitol","acid-base",291.15,14,13,0,0,,,13.5,"CRC (88th edition)"
396,"pyrimidine","acid-base",293.15,5,4,0,0,"[nH+]1cnccc1","n1cnccc1",1.23,"CRC (88th edition)"
398,"tryptamine","acid-base",298.15,13,12,0,0,"c1ccc2c(c1)c(cn2)CC[NH3+]","c1ccc2c(c1)c(cn2)CCN",10.2,"CRC (88th edition)"
407,"L-isoleucine","acid-base",298.15,13,12,0,0,"CCC(C)C(C(=O)[O-])[NH3+]","CCC(C)C(C(=O)[O-])[NH2]",9.76,"CRC (88th edition)"
407,"L-isoleucine","acid-base",298.15,14,13,0,0,"CCC(C)C(C(=O)[OH])[NH3+]","CCC(C)C(C(=O)[O-])[NH3+]",2.32,"CRC (88th edition)"
408,"L-pipecolate","acid-base",298.15,11,10,0,0,"C1CC[NH2+]C(C1)C(=O)[O-]","C1CCNC(C1)C(=O)[O-]",10.72,"CRC (88th edition)"
408,"L-pipecolate","acid-base",298.15,12,11,0,0,"C1CC[NH2+]C(C1)C(=O)O","C1CC[NH2+]C(C1)C(=O)[O-]",2.28,"CRC (88th edition)"
409,"methanethiol","acid-base",298.15,4,3,0,0,"CS","C[S-]",10.33,"CRC (88th edition)"
414,"cyclohexanone",,298.15,10,10,0,0,,,,
415,"dihydrofolate","acid-base",298.15,22,21,0,0,,,3.5,"Taken as is from THF"
415,"dihydrofolate","acid-base",298.15,20,19,0,0,,,4.8,"Taken as is from THF"
415,"dihydrofolate","acid-base",298.15,21,20,0,0,,,3.84,"Poe (1977)"
415,"dihydrofolate","acid-base",298.15,19,18,0,0,,,9.54,"Poe (1977)"
423,"trans-Cinnamate","acid-base",298.15,8,7,0,0,"c1ccc(cc1)C=CC(=O)O","c1ccc(cc1)C=CC(=O)[O-]",4.44,"CRC (88th edition)"
424,"(S)-Lactaldehyde",,298.15,6,6,0,0,,,,
431,"5-Aminopentanoate","acid-base",298.15,11,10,0,0,"[NH3+]CCCCC(=O)[O-]","NCCCCC(=O)[O-]",10.77,"CRC (88th edition)"
431,"5-Aminopentanoate","acid-base",298.15,12,11,0,0,"[NH3+]CCCCC(=O)O","[NH3+]CCCCC(=O)[O-]",4.27,"CRC (88th edition)"
440,"5-Methyltetrahydrofolate","acid-base",298.15,26,25,0,0,,,3.5,"Taken as is from THF"
440,"5-Methyltetrahydrofolate","acid-base",298.15,25,24,0,0,,,4.8,"Taken as is from THF"
440,"5-Methyltetrahydrofolate","acid-base",298.15,23,22,0,0,,,10.4,"Taken as is from THF"
440,"5-Methyltetrahydrofolate","acid-base",298.15,24,23,0,0,,,5.05,"Alonso (2006)"
445,"5,10-Methenyltetrahydrofolate","acid-base",298.15,22,21,0,0,,,3.5,"Taken as is from THF"
445,"5,10-Methenyltetrahydrofolate","acid-base",298.15,21,20,0,0,,,4.8,"Taken as is from THF"
445,"5,10-Methenyltetrahydrofolate","acid-base",298.15,20,19,0,0,,,10.4,"Taken as is from THF"
446,"D-galactose 1-P","acid-base",296.15,12,11,0,0,,,6.02,"Robitaille (1990)"
447,"Sedoheptulose 1,7-P","acid-base",296.15,14,13,0,0,,,6.09,"Robitaille (1990)"
447,"Sedoheptulose 1,7-P","acid-base",296.15,13,12,0,0,,,6.12,"Robitaille (1990)"
455,"Nicotinamide D-ribonucleotide","acid-base",298.15,15,14,0,0,,,6.44,"Alberty (2003)"
463,"Indole",,298.15,7,7,0,0,,,,
468,"Estrone",,298.15,22,21,0,0,,,10.34,"Hurwitz 1977"
469,"Ethanol","acid-base",298.15,6,5,0,0,"CCO","CC[O-]",15.5,"CRC (88th edition)"
473,"Retinol",,298.15,30,30,0,0,,,,
474,"Ribitol",,298.15,12,12,0,0,,,,
475,"cytidine","acid-base",298.15,14,13,0,0,,,4.08,"Christensen (1970b)"
475,"cytidine","acid-base",298.15,13,12,0,0,,,12.5,"Christensen (1970b)"
476,"D-Lyxose",,298.15,10,10,0,0,,,,
489,"Glutarate","acid-base",298.15,7,6,0,0,"C(=O)(O)CCCC(=O)[O-]","C(=O)([O-])CCCC(=O)[O-]",5.42,"CRC (88th edition)"
489,"Glutarate","acid-base",291.15,8,7,0,0,"C(=O)(O)CCCC(=O)O","C(=O)(O)CCCC(=O)[O-]",4.32,"CRC (88th edition)"
491,"cystine","acid-base",298.15,12,11,0,0,"[NH3+]C(CSSCC([NH3+])C([O-])=O)C([O-])=O","NC(CSSCC([NH3+])C([O-])=O)C([O-])=O",8.02,"CRC (88th edition)"
491,"cystine","acid-base",298.15,13,12,0,0,"[NH3+]C(CSSCC([NH3+])C(O)=O)C([O-])=O","[NH3+]C(CSSCC([NH3+])C([O-])=O)C([O-])=O",2.1,"CRC (88th edition)"
491,"cystine","acid-base",298.15,14,13,0,0,"[NH3+]C(CSSCC([NH3+])C(O)=O)C(O)=O","[NH3+]C(CSSCC([NH3+])C(O)=O)C([O-])=O",1,"CRC (88th edition)"
491,"cystine","acid-base",298.15,11,10,0,0,"NC(CSSCC([NH3+])C([O-])=O)C([O-])=O","NC(CSSCC(N)C([O-])=O)C([O-])=O",8.71,"CRC (88th edition)"
504,"folate","acid-base",298.15,19,18,0,0,,,3.5,"Taken as is from THF"
504,"folate","acid-base",298.15,18,17,0,0,,,4.8,"Taken as is from THF"
504,"folate","acid-base",298.15,17,16,0,0,,,8.38,"Poe (1977)"
504,"folate","acid-base",298.15,20,19,0,0,,,2.35,"Alonso (2006), Poe (1977)"
506,"L-cysteate","acid-base",298.15,6,5,0,0,"C(C(C(=O)[O-])[NH3+])S(=O)(=O)[O-]","C(C(C(=O)[O-])N)S(=O)(=O)[O-]",8.7,"CRC (88th edition)"
506,"L-cysteate","acid-base",298.15,7,6,0,0,"C(C(C(=O)O)[NH3+])S(=O)(=O)[O-]","C(C(C(=O)[O-])[NH3+])S(=O)(=O)[O-]",1.9,"CRC (88th edition)"
506,"L-cysteate","acid-base",298.15,8,7,0,0,"C(C(C(=O)O)[NH3+])S(=O)(=O)O","C(C(C(=O)O)[NH3+])S(=O)(=O)[O-]",1.3,"CRC (88th edition)"
507,"L-rhamnose",,298.15,12,12,0,0,,,,
508,"L-ribulose",,298.15,10,10,0,0,,,,
511,"propenoate","acid-base",298.15,3,2,0,0,"C=C(=O)O","C=C(=O)[O-]",4.25,"CRC (88th edition)"
543,"dimethylamine","acid-base",298.15,8,7,0,0,"C[NH2+]C","CNC",10.73,"CRC (88th edition)"
547,"L-noradrenaline","acid-base",298.15,13,12,0,0,,,8.64,"CRC (88th edition)"
547,"L-noradrenaline","acid-base",298.15,12,11,0,0,,,9.7,"CRC (88th edition)"
552,"meso-Tartaric acid","acid-base",298.15,5,4,0,0,"C(=O)(O)C(O)C(O)C(=O)[O-]","C(=O)([O-])C(O)C(O)C(=O)[O-]",4.91,"CRC (88th edition)"
552,"meso-Tartaric acid","acid-base",298.15,6,5,0,0,"C(=O)(O)C(O)C(O)C(=O)O","C(=O)(O)C(O)C(O)C(=O)[O-]",3.17,"CRC (88th edition)"
556,"Benzyl alcohol",,298.15,8,7,0,0,,,15.4,"wikipedia"
565,"Trimethylamine","acid-base",298.15,10,9,0,0,"[NH+](C)(C)C","N(C)(C)C",9.8,"CRC (88th edition)"
571,"Cyclohexylamine","acid-base",298.15,14,13,0,0,"C1CCCCC1[NH3+]","C1CCCCC1N",10.64,"CRC (88th edition)"
577,"D-Glyceraldehyde",,298.15,6,6,0,0,,,,
581,"Guanidinoacetate","acid-base",298.15,8,7,0,0,,,2.82,"CRC (88th edition)"
583,"Propane-1,2-diol",,298.15,8,8,0,0,,,,
587,"3-Hydroxybenzoate","acid-base",292.15,5,4,0,0,"c1ccc(O)cc1C(=O)[O-]","c1ccc([O-])cc1C(=O)[O-]",9.92,"CRC (88th edition)"
587,"3-Hydroxybenzoate","acid-base",298.15,6,5,0,0,"c1ccc(O)cc1C(=O)O","c1ccc(O)cc1C(=O)[O-]",4.08,"CRC (88th edition)"
588,"choline phosphate","acid-base",296.15,14,13,0,0,,,5.76,"Robitaille (1990)"
590,"Coniferyl alcohol",,298.15,12,11,0,0,,,9.5,"Achyuthan (2009)"
604,"1,10-Phenanthroline","acid-base",298.15,9,8,0,0,,,4.84,"CRC (88th edition)"
620,"alpha-D-Ribose 1-phosphate","acid-base",296.15,10,9,0,0,"C(C1C(C(C(O1)OP(=O)([O-])O)O)O)O","C(C1C(C(C(O1)OP(=O)([O-])[O-])O)O)O",6,"Robitaille (1990)"
623,"Glycerol 1-phosphate","acid-base",296.15,8,7,0,0,"C(C(COP(=O)([O-])O)O)O","C(C(COP(=O)([O-])[O-])O)O",6.18,"Robitaille (1990)"
628,"2,5-Dihydroxybenzoate","acid-base",298.15,6,5,0,0,,,2.97,"CRC (88th edition)"
631,"2-Phospho-D-glycerate","Mg",,4,4,1,0,"C([C@H](C(=O)[O-])OP(=O)([O-])[O-])O.[Mg+2]","C([C@H](C(=O)[O-])OP(=O)([O-])[O-])O",3.31,"Smith et al. 2004"
631,"2-Phospho-D-glycerate","acid-base",296.15,5,4,0,0,"C([C@H](C(=O)[O-])OP(=O)([O-])O)O","C([C@H](C(=O)[O-])OP(=O)([O-])[O-])O",6.38,"Robitaille (1990)"
633,"4-Hydroxybenzaldehyde","acid-base",298.15,6,5,0,0,,,7.61,"CRC (88th edition)"
636,"D-Mannose 1-phosphate","acid-base",296.15,12,11,0,0,"C([C@@H]1[C@H]([C@@H]([C@@H]([C@H](O1)OP(=O)([O-])O)O)O)O)O","C([C@@H]1[C@H]([C@@H]([C@@H]([C@H](O1)OP(=O)([O-])[O-])O)O)O)O",5.98,"Robitaille (1990)"
644,"D-Mannitol 1-phosphate","acid-base",298.15,14,13,0,0,"C(C(C(C(C(COP(=O)([O-])O)O)O)O)O)O","C(C(C(C(C(COP(=O)([O-])[O-])O)O)O)O)O",6.5,"Alberty (2003)"
645,"N-Acetyl-D-mannosamine",,298.15,15,15,0,0,,,,
655,"XMP","acid-base",298.15,12,11,0,0,,,6.73,"Alberty (2003)"
655,"XMP","acid-base",298.15,11,10,0,0,,,8.14,"Alberty (2003)"
668,"alpha-D-Glucose 6-phosphate","acid-base",298.15,12,11,0,0,"C([C@@H]1[C@H]([C@@H]([C@H]([C@@H](O)O1)O)O)O)OP(=O)([O-])O","C([C@@H]1[C@H]([C@@H]([C@H]([C@@H](O)O1)O)O)O)OP(=O)([O-])[O-]",6.42,"CRC (88th edition)"
673,"2-Deoxy-D-ribose 5-phosphate","acid-base",298.15,10,9,0,0,"C1C(C(OC1O)COP(=O)([O-])O)O","C1C(C(OC1O)COP(=O)([O-])[O-])O",6.69,"Alberty (2003)"
695,"3alpha,7alpha,12alpha-Trihydroxy-5beta-cholanate","acid-base",298.15,40,39,0,0,,,6.4,"CRC (88th edition)"
700,"XTP","acid-base",298.15,12,11,0,0,,,7.6,"Alberty (2003)"
700,"XTP","acid-base",298.15,11,10,0,0,,,8.59,"Alberty (2003)"
715,"Pterin","acid-base",293.15,6,5,0,0,,,2.27,"CRC (88th edition)"
715,"Pterin","acid-base",293.15,5,4,0,0,,,7.96,"CRC (88th edition)"
719,"Betaine","acid-base",273.15,12,11,0,0,"[N+](C)(C)(C)CC(=O)O","[N+](C)(C)(C)CC(=O)[O-]",1.83,"CRC (88th edition)"
725,"Lipoate","acid-base",298.15,14,13,0,0,"C1CSSC1CCCCC(=O)O","C1CSSC1CCCCC(=O)[O-]",5.4,"CRC (88th edition)"
729,"tropine","acid-base",288.15,16,15,0,0,,,3.8,"CRC (88th edition)"
745,"Nicotine","acid-base",298.15,16,15,0,0,"C[NH+]1CCCC1c2c[nH+]ccc2","C[NH+]1CCCC1c2cnccc2",3.12,"CRC (88th edition)"
745,"Nicotine","acid-base",298.15,15,14,0,0,"C[NH+]1CCCC1c2cnccc2","CN1CCCC1c2cnccc2",8.02,"CRC (88th edition)"
747,"Pyridine","acid-base",298.15,6,5,0,0,"[nH+]1ccccc1","n1ccccc1",5.23,"CRC (88th edition)"
780,"Serotonin","acid-base",298.15,13,12,0,0,,,9.8,"CRC (88th edition)"
780,"Serotonin","acid-base",298.15,12,11,0,0,,,11.1,"CRC (88th edition)"
791,"Creatinine","acid-base",298.15,8,7,0,0,,,4.8,"CRC (88th edition)"
791,"Creatinine","acid-base",298.15,7,6,0,0,,,9.2,"CRC (88th edition)"
794,"D-Sorbitol",,298.15,14,14,0,0,,,,
795,"D-Tagatose",,298.15,12,12,0,0,,,,
797,"Ethylamine","acid-base",298.15,8,7,0,0,"CC[NH3+]","CCN",10.65,"CRC (88th edition)"
798,"Formyl-CoA","acid-base",298.15,34,33,0,0,"CC(C)(COP([O-])(=O)OP([O-])(=O)OC[C@H]1O[C@H]([C@H](O)[C@@H]1OP([O-])(O)=O)n2cnc3c(N)[nH+]cnc23)[C@@H](O)C(=O)NCCC(=O)NCCSC=O","CC(C)(COP([O-])(=O)OP([O-])(=O)OC[C@H]1O[C@H]([C@H](O)[C@@H]1OP([O-])(O)=O)n2cnc3c(N)ncnc23)[C@@H](O)C(=O)NCCC(=O)NCCSC=O",4.32,"Values taken as is from CoA"
798,"Formyl-CoA","acid-base",298.15,33,32,0,0,"CC(C)(COP([O-])(=O)OP([O-])(=O)OC[C@H]1O[C@H]([C@H](O)[C@@H]1OP([O-])(O)=O)n2cnc3c(N)ncnc23)[C@@H](O)C(=O)NCCC(=O)NCCSC=O","CC(C)(COP([O-])(=O)OP([O-])(=O)OC[C@H]1O[C@H]([C@H](O)[C@@H]1OP([O-])([O-])=O)n2cnc3c(N)ncnc23)[C@@H](O)C(=O)NCCC(=O)NCCSC=O",6.31,"Values taken as is from CoA"
803,"Pentanoate","acid-base",293.15,10,9,0,0,"CCCCC(=O)O","CCCCC(=O)[O-]",4.83,"CRC (88th edition)"
810,"(R)-Acetoin",,298.15,8,8,0,0,,,,
813,"Barbiturate","acid-base",298.15,4,3,0,0,,,4.01,"CRC (88th edition)"
854,"Cyclohexanol",,298.15,12,12,0,0,,,,
861,"L-Rhamnulose",,298.15,12,12,0,0,,,,
870,"4-Nitrophenol","acid-base",298.15,5,4,0,0,,,7.15,"CRC (88th edition)"
898,"(R,R)-Tartaric acid","acid-base",298.15,6,5,0,0,,,2.98,"CRC (88th edition)"
898,"(R,R)-Tartaric acid","acid-base",298.15,5,4,0,0,,,4.34,"CRC (88th edition)"
928,"Mercaptoethanol","acid-base",298.15,6,5,0,0,"OCCS","OCC[S-]",9.72,"CRC (88th edition)"
935,"UDP-L-arabinose",,298.15,20,20,0,0,,,,
951,"Estradiol",,298.15,24,23,0,0,,,10.46,"Hurwitz 1977"
956,"L-2-Aminoadipate","acid-base",298.15,12,11,0,0,,,2.14,"CRC (88th edition)"
956,"L-2-Aminoadipate","acid-base",298.15,11,10,0,0,,,4.21,"CRC (88th edition)"
956,"L-2-Aminoadipate","acid-base",298.15,10,9,0,0,,,9.77,"CRC (88th edition)"
986,"1,3-Diaminopropane","acid-base",298.15,12,11,0,0,"[NH3+]CCC[NH3+]","[NH3+]CCCN",8.88,"CRC (88th edition)"
986,"1,3-Diaminopropane","acid-base",298.15,11,10,0,0,"[NH3+]CCCN","NCCCN",10.55,"CRC (88th edition)"
988,"phosphoglycolate","acid-base",296.15,4,3,0,0,,,3.22,"Robitaille (1990)"
988,"phosphoglycolate","acid-base",296.15,3,2,0,0,,,6.28,"Robitaille (1990)"
989,"4-Hydroxybutanoic acid","acid-base",298.15,8,7,0,0,"OCCCC(=O)O","OCCCC(=O)[O-]",4.72,"CRC (88th edition)"
1005,"O-Phospho-L-serine","acid-base",296.15,7,6,0,0,"C([C@@H](C(=O)[O-])[NH3+])OP(=O)([O-])O","C([C@@H](C(=O)[O-])[NH3+])OP(=O)([O-])[O-]",5.74,"Robitaille (1990)"
1005,"O-Phospho-L-serine","acid-base",298.15,8,7,0,0,"C([C@@H](C(=O)O)[NH3+])OP(=O)([O-])O","C([C@@H](C(=O)[O-])[NH3+])OP(=O)([O-])O",2.08,"Lange's handbook"
1005,"O-Phospho-L-serine","acid-base",298.15,6,5,0,0,"C([C@@H](C(=O)[O-])[NH3+])OP(=O)([O-])[O-]","C([C@@H](C(=O)[O-])N)OP(=O)([O-])[O-]",9.74,"Lange's handbook"
1013,"3-Hydroxypropanoate","acid-base",298.15,6,5,0,0,"OCCC(=O)O","OCCC(=O)[O-]",4.51,"CRC (88th edition)"
1019,"6-Deoxy-L-galactose",,298.15,12,12,0,0,,,,
1026,"N,N-Dimethylglycine","acid-base",298.15,10,9,0,0,"[NH+](C)(C)CC(=O)O","[NH+](C)(C)CC(=O)[O-]",9.89,"CRC (88th edition)"
1060,"3,5-Diiodo-L-tyrosine","acid-base",298.15,10,9,0,0,,,2.12,"CRC (88th edition)"
1060,"3,5-Diiodo-L-tyrosine","acid-base",298.15,9,8,0,0,,,5.32,"CRC (88th edition)"
1060,"3,5-Diiodo-L-tyrosine","acid-base",298.15,8,7,0,0,,,9.48,"CRC (88th edition)"
1066,"Cyclohexane-1,3-dione","acid-base",298.15,8,7,0,0,,,5.26,"CRC (88th edition)"
1083,"alpha,alpha-Trehalose",,298.15,22,22,0,0,,,,
1089,"3-hydroxybutanoate",,298.15,8,7,0,0,"CC(O)CC(=O)O","CC(O)CC(=O)[O-]",4.7,"CRC (88th edition)"
1094,"fructose 1-P","acid-base",296.15,12,11,0,0,,,5.92,"Robitaille (1990)"
1096,"Sorbitol 6-phosphate","acid-base",298.15,14,13,0,0,"C(C(C(C(C(COP(=O)([O-])O)O)O)O)O)O","C(C(C(C(C(COP(=O)([O-])[O-])O)O)O)O)O",6.42,"Alberty (2003)"
1104,"Trimethylamine N-oxide","acid-base",293.15,10,9,0,0,,,4.65,"CRC (88th edition)"
1112,"D-Arabinose 5-phosphate","acid-base",298.15,10,9,0,0,"C([C@@H]1[C@H]([C@@H]([C@@H](O1)O)O)O)OP(=O)([O-])O","C([C@@H]1[C@H]([C@@H]([C@@H](O1)O)O)O)OP(=O)([O-])[O-]",6.69,"Alberty (2003)"
1113,"D-Galactose 6-phosphate","acid-base",296.15,12,11,0,0,"C(C1C(C(C(C(O1)O)O)O)O)OP(=O)([O-])O","C(C1C(C(C(C(O1)O)O)O)O)OP(=O)([O-])[O-]",5.98,"Robitaille (1990)"
1152,"3-methyl-L-histidine","acid-base",298.15,13,12,0,0,,,1.92,"CRC (88th edition)"
1152,"3-methyl-L-histidine","acid-base",298.15,12,11,0,0,,,6.56,"CRC (88th edition)"
1152,"3-methyl-L-histidine","acid-base",298.15,11,10,0,0,,,8.73,"CRC (88th edition)"
1159,"2,3-bisphospho-D-glycerate","acid-base",296.15,6,5,0,0,,,6.33,"Robitaille (1990)"
1159,"2,3-bisphospho-D-glycerate","acid-base",296.15,5,4,0,0,,,6.75,"Robitaille (1990)"
1177,"inositol 1-P","acid-base",296.15,12,11,0,0,,,6.08,"Robitaille (1990)"
1182,"Ribulose 1,5-P","acid-base",296.15,10,9,0,0,,,6.02,"Robitaille (1990)"
1182,"Ribulose 1,5-P","acid-base",296.15,9,8,0,0,,,6.12,"Robitaille (1990)"
1236,"D-Glucono-1,5-lactone 6-phosphate","acid-base",298.15,10,9,0,0,"C([C@@H]1[C@H]([C@@H]([C@H](C(=O)O1)O)O)O)OP(=O)([O-])O","C([C@@H]1[C@H]([C@@H]([C@H](C(=O)O1)O)O)O)OP(=O)([O-])[O-]",6.42,"Alberty (2003)"
1337,"XDP","acid-base",298.15,12,11,0,0,,,7.18,"Alberty (2003)"
1337,"XDP","acid-base",298.15,11,10,0,0,,,8.06,"Alberty (2003)"
1352,"FADH2","acid-base",298.15,33,32,0,0,,,6.8,"Taken as is from FMNH2"
1352,"FADH2","acid-base",298.15,34,33,0,0,,,3.6,"Taken as is from adenosine"
1352,"FADH2","acid-base",298.15,32,31,0,0,,,12.35,"Taken as is from adenosine"
1380,"ethylene glycol","acid-base",298.15,6,5,0,0,"OCCO","OCC[O-]",15.1,"CRC (88th edition)"
1384,"maleate","acid-base",298.15,3,2,0,0,"OC(=O)\C=C/C([O-])=O","[O-]C(=O)\C=C/C([O-])=O",6.23,"CRC (88th edition)"
1384,"maleate","acid-base",298.15,4,3,0,0,"OC(=O)\C=C/C(O)=O","OC(=O)\C=C/C([O-])=O",1.92,"CRC (88th edition)"
1401,"alanine","acid-base",298.15,7,6,0,0,"CC(C(=O)[O-])[NH3+]","CC(C(=O)[O-])[NH2]",9.69,"Lange's handbook"
1401,"alanine","acid-base",298.15,8,7,0,0,"CC(C(=O)[OH])[NH3+]","CC(C(=O)[O-])[NH3+]",2.34,"Lange's handbook"
1412,"Butanal",,298.15,8,8,0,0,,,,
1417,"cyanate","acid-base",298.15,1,0,0,0,"N#CO","N#C[O-]",3.7,"CRC (88th edition)"
1424,"Gallate","acid-base",298.15,6,5,0,0,"OC(=O)c1cc(O)c(O)c(O)c1","[O-]C(=O)c1cc(O)c(O)c(O)c1",4.41,"CRC (88th edition)"
1454,"Toluate","acid-base",298.15,8,7,0,0,"Cc1ccc(cc1)C(O)=O","Cc1ccc(cc1)C([O-])=O",4.37,"CRC (88th edition)"
1467,"3-hydroxytoluene","acid-base",298.15,8,7,0,0,"Cc1cccc(O)c1","Cc1cccc([O-])c1",10.09,"CRC (88th edition)"
1468,"4-hydroxytoluene","acid-base",298.15,8,7,0,0,"Cc1ccc(O)cc1","Cc1ccc([O-])cc1",10.26,"CRC (88th edition)"
1487,"D-Allose",,298.15,12,12,0,0,,,,
1507,"L-Iditol",,298.15,14,14,0,0,,,,
1516,"morphine","acid-base",298.15,20,19,0,0,,,8.21,"CRC (88th edition)"
1516,"morphine","acid-base",293.15,19,18,0,0,,,9.85,"CRC (88th edition)"
1542,"2-hydroxytoluene","acid-base",298.15,8,7,0,0,"Cc1ccccc1O","Cc1ccccc1[O-]",10.29,"CRC (88th edition)"
1546,"2-Furoate","acid-base",298.15,4,3,0,0,"OC(=O)c1ccco1","[O-]C(=O)c1ccco1",3.16,"CRC (88th edition)"
1550,"agaritine","acid-base",298.15,17,16,0,0,"[NH3+][C@@H](CCC(=O)NNc1ccc(CO)cc1)C([O-])=O","N[C@@H](CCC(=O)NNc1ccc(CO)cc1)C([O-])=O",8.86,"CRC (88th edition)"
1550,"agaritine","acid-base",298.15,18,17,0,0,"[NH3+][C@@H](CCC(=O)NNc1ccc(CO)cc1)C(O)=O","[NH3+][C@@H](CCC(=O)NNc1ccc(CO)cc1)C([O-])=O",3.4,"CRC (88th edition)"
1551,"allantoin","acid-base",298.15,6,5,0,0,,,8.96,"CRC (88th edition)"
1566,"cyanamide","acid-base",302.15,3,2,0,0,"N#C[NH3+]","N#CN",1.1,"CRC (88th edition)"
1575,"ephedrine","acid-base",283.15,16,15,0,0,"C[NH2+][C@@H](C)[C@H](O)c1ccccc1","CN[C@@H](C)[C@H](O)c1ccccc1",9.96,"CRC (88th edition)"
1576,"etoposide","acid-base",298.15,32,31,0,0,,,9.8,"CRC (88th edition)"
1585,"hexanoate","acid-base",298.15,12,11,0,0,"CCCCCC(=O)O","CCCCCC(=O)[O-]",4.85,"CRC (88th edition)"
1586,"benzoylaminoacetate","acid-base",298.15,9,8,0,0,"OC(=O)CNC(=O)c1ccccc1","[O-]C(=O)CNC(=O)c1ccccc1",3.62,"CRC (88th edition)"
1589,"imidazole","acid-base",298.15,5,4,0,0,"c1c[nH]c[nH+]1","c1c[nH]cn1",6.99,"CRC (88th edition)"
1595,"linoleate","acid-base",298.15,32,31,0,0,"CCCCC\C=C/C\C=C/CCCCCCCC(O)=O","CCCCC\C=C/C\C=C/CCCCCCCC([O-])=O",7.6,"CRC (88th edition)"
1601,"nonanoate","acid-base",298.15,18,17,0,0,"CCCCCCCCC(=O)O","CCCCCCCCC(=O)[O-]",4.96,"CRC (88th edition)"
1606,"phthalate","acid-base",298.15,5,4,0,0,"OC(=O)c1ccccc1C([O-])=O","[O-]C(=O)c1ccccc1C([O-])=O",5.43,"CRC (88th edition)"
1606,"phthalate","acid-base",298.15,6,5,0,0,"OC(=O)c1ccccc1C(O)=O","OC(=O)c1ccccc1C([O-])=O",2.94,"CRC (88th edition)"
1672,"cadaverine","acid-base",298.15,16,15,0,0,"[NH3+]CCCCC[NH3+]","[NH3+]CCCCCN",10.05,"CRC (88th edition)"
1672,"cadaverine","acid-base",298.15,15,14,0,0,"[NH3+]CCCCCN","NCCCCCN",10.93,"CRC (88th edition)"
1678,"cysteamine","acid-base",298.15,7,6,0,0,"[NH3+]CC[S-]","NCC[S-]",10.53,"CRC (88th edition)"
1678,"cysteamine","acid-base",298.15,8,7,0,0,"[NH3+]CCS","[NH3+]CC[S-]",8.27,"CRC (88th edition)"
1697,"galactitol",,298.15,14,14,0,0,,,,
1699,"gibberellin","acid-base",298.15,22,21,0,0,,,4,"CRC (88th edition)"
1721,"L-fuculose",,298.15,12,12,0,0,,,,
1740,"octylamine","acid-base",298.15,20,19,0,0,"[NH3+]CCCCCCCC","NCCCCCCCC",10.65,"CRC (88th edition)"
1746,"piperidine","acid-base",298.15,12,11,0,0,"C1CC[NH3+]CC1","C1CCNCC1",11.12,"CRC (88th edition)"
1751,"1,3-benzenediol","acid-base",298.15,5,4,0,0,"Oc1cccc([O-])c1","[O-]c1cccc([O-])c1",11.1,"CRC (88th edition)"
1751,"1,3-benzenediol","acid-base",298.15,6,5,0,0,"Oc1cccc(O)c1","Oc1cccc([O-])c1",9.32,"CRC (88th edition)"
1762,"xanthosine","acid-base",298.15,12,11,0,0,,,5.67,"Christensen (1970a)"
1762,"xanthosine","acid-base",298.15,11,10,0,0,,,12,"Christensen (1970a)"
1796,"D-erythrose",,298.15,8,8,0,0,,,,
1799,"D-norvaline","acid-base",298.15,11,10,0,0,"CCC[C@@H]([NH3+])C([O-])=O","CCC[C@@H](N)C([O-])=O",9.72,"CRC (88th edition)"
1799,"D-norvaline","acid-base",298.15,12,11,0,0,"CCC[C@@H]([NH3+])C(O)=O","CCC[C@@H]([NH3+])C([O-])=O",2.36,"CRC (88th edition)"
1814,"haloperidol","acid-base",298.15,24,23,0,0,,,8.3,"CRC (88th edition)"
1817,"homocystine","acid-base",298.15,16,15,0,0,"C(=O)([O-])C([NH3+])CCSSCCC([NH3+])C(=O)[O-]","C(=O)([O-])C([NH3+])CCSSCCC(N)C(=O)[O-]",8.52,"CRC (88th edition)"
1817,"homocystine","acid-base",298.15,17,16,0,0,"C(=O)([O-])C([NH3+])CCSSCCC([NH3+])C(=O)O","C(=O)([O-])C([NH3+])CCSSCCC([NH3+])C(=O)[O-]",2.54,"CRC (88th edition)"
1817,"homocystine","acid-base",298.15,15,14,0,0,"C(=O)([O-])C([NH3+])CCSSCCC(N)C(=O)[O-]","C(=O)([O-])C(N)CCSSCCC(N)C(=O)[O-]",9.44,"CRC (88th edition)"
1817,"homocystine","acid-base",298.15,18,17,0,0,"C(=O)(O)C([NH3+])CCSSCCC([NH3+])C(=O)O","C(=O)([O-])C([NH3+])CCSSCCC([NH3+])C(=O)O",1.59,"CRC (88th edition)"
1826,"L-norvaline","acid-base",298.15,11,10,0,0,"CCC[C@H]([NH3+])C([O-])=O","CCC[C@H](N)C([O-])=O",9.81,"CRC (88th edition)"
1826,"L-norvaline","acid-base",298.15,12,11,0,0,"CCC[C@H]([NH3+])C(O)=O","CCC[C@H]([NH3+])C([O-])=O",2.32,"CRC (88th edition)"
1829,"levothyroxin","acid-base",298.15,12,11,0,0,,,2.2,"CRC (88th edition)"
1829,"levothyroxin","acid-base",298.15,11,10,0,0,,,6.45,"CRC (88th edition)"
1829,"levothyroxin","acid-base",298.15,10,9,0,0,,,10.1,"CRC (88th edition)"
1837,"nitroethane","acid-base",298.15,5,4,0,0,,,8.46,"CRC (88th edition)"
1845,"isopropanol",,298.15,8,8,0,0,,,,
1847,"FMNH2",,298.15,23,22,0,0,,,1.89,"Taken as is from FMN"
1847,"FMNH2",,298.15,22,21,0,0,,,6.37,"Taken as is from FMN"
1847,"FMNH2",,298.15,21,20,0,0,,,6.8,"Mayhew (1999), Heelis (1982), Draper (1968)"
1857,"thioacetate","acid-base",298.15,4,3,0,0,,,3.33,"CRC (88th edition)"
1874,"2-iodophenol","acid-base",298.15,5,4,0,0,,,8.51,"CRC (88th edition)"
1879,"pyroglutamate","acid-base",298.15,7,6,0,0,,,3.32,"CRC (88th edition)"
1904,"D-arabitol",,298.15,12,12,0,0,,,,
1912,"erythromycin","acid-base",298.15,68,67,0,0,,,8.8,"CRC (88th edition)"
1921,"glycocholate","acid-base",298.15,43,42,0,0,,,4.4,"CRC (88th edition)"
1926,"indometacin","acid-base",298.15,16,15,0,0,,,4.5,"CRC (88th edition)"
1933,"L-aminohexanoate","acid-base",298.15,13,12,0,0,"CCCC[C@H]([NH3+])C([O-])=O","CCCC[C@H](N)C([O-])=O",9.83,"CRC (88th edition)"
1933,"L-aminohexanoate","acid-base",298.15,14,13,0,0,"CCCC[C@H]([NH3+])C(O)=O","CCCC[C@H]([NH3+])C([O-])=O",2.34,"CRC (88th edition)"
1965,"trimethoprim","acid-base",298.15,19,18,0,0,,,6.6,"CRC (88th edition)"
1987,"2-aminophenol","acid-base",293.15,8,7,0,0,"[NH3+]c1ccccc1O","Nc1ccccc1O",4.78,"CRC (88th edition)"
1987,"2-aminophenol","acid-base",293.15,7,6,0,0,"Nc1ccccc1O","Nc1ccccc1[O-]",9.97,"CRC (88th edition)"
1988,"2-nitrophenol","acid-base",298.15,5,4,0,0,,,7.23,"CRC (88th edition)"
1996,"acetylcholine",,298.15,16,16,0,0,,,,
2001,"2-propen-1-ol","acid-base",298.15,6,5,0,0,"C=CCO","C=CC[O-]",15.5,"CRC (88th edition)"
2022,"D-erythrulose",,298.15,8,8,0,0,,,,
2037,"glycylglycine","acid-base",298.15,8,7,0,0,"[NH3+]CC(=O)NCC(=O)[O-]","NCC(=O)NCC(=O)[O-]",8.17,"CRC (88th edition)"
2037,"glycylglycine","acid-base",298.15,9,8,0,0,"[NH3+]CC(=O)NCC(=O)O","[NH3+]CC(=O)NCC(=O)[O-]",3.14,"CRC (88th edition)"
2045,"L-erythrulose",,298.15,8,8,0,0,,,,
2046,"L-hyoscyamine","acid-base",294.15,24,23,0,0,,,9.7,"CRC (88th edition)"
2048,"laminaribiose",,298.15,22,22,0,0,,,,
2066,"pseudotropine","acid-base",288.15,16,15,0,0,,,3.8,"CRC (88th edition)"
2086,"thioglycolate","acid-base",298.15,4,3,0,0,"SCC(=O)O","SCC(=O)[O-]",3.68,"CRC (88th edition)"
2107,"D-tartrate","acid-base",298.15,5,4,0,0,"O[C@@H]([C@H](O)C(O)=O)C([O-])=O","O[C@@H]([C@H](O)C([O-])=O)C([O-])=O",4.37,"CRC (88th edition)"
2107,"D-tartrate","acid-base",298.15,6,5,0,0,"O[C@@H]([C@H](O)C(O)=O)C(O)=O","O[C@@H]([C@H](O)C(O)=O)C([O-])=O",3.03,"CRC (88th edition)"
2110,"11-cis-retinal",,298.15,28,28,0,0,,,,
2124,"4-chlorophenol","acid-base",298.15,5,4,0,0,"Oc1ccc(Cl)cc1","[O-]c1ccc(Cl)cc1",9.41,"CRC (88th edition)"
2126,"4-nitroaniline","acid-base",298.15,7,6,0,0,,,1.02,"CRC (88th edition)"
2168,"mefenamic acid","acid-base",298.15,15,14,0,0,,,4.2,"CRC (88th edition)"
2170,"methylmalonate","acid-base",298.15,5,4,0,0,"CC(C(O)=O)C([O-])=O","CC(C([O-])=O)C([O-])=O",5.76,"CRC (88th edition)"
2170,"methylmalonate","acid-base",298.15,6,5,0,0,"CC(C(O)=O)C(O)=O","CC(C(O)=O)C([O-])=O",3.07,"CRC (88th edition)"
2181,"phenoxyacetate","acid-base",298.15,8,7,0,0,"OC(=O)COc1ccccc1","[O-]C(=O)COc1ccccc1",3.17,"CRC (88th edition)"
2226,"2-methylmaleate","acid-base",298.15,5,4,0,0,"C(=O)OC=C(C)C(=O)[O-]","C(=O)[O-]C=C(C)C(=O)[O-]",6.27,"CRC (88th edition)"
2227,"2-naphthylamine","acid-base",298.15,10,9,0,0,,,4.16,"CRC (88th edition)"
2261,"D-2-aminobutyrate","acid-base",298.15,9,8,0,0,"CC[C@@H]([NH3+])C([O-])=O","CC[C@@H](N)C([O-])=O",9.83,"CRC (88th edition)"
2261,"D-2-aminobutyrate","acid-base",298.15,10,9,0,0,"CC[C@@H]([NH3+])C(O)=O","CC[C@@H]([NH3+])C([O-])=O",2.29,"CRC (88th edition)"
2267,"deoxycoformycin","acid-base",298.15,17,16,0,0,,,5.2,"CRC (88th edition)"
2299,"N-methylbenzenamine","acid-base",298.15,10,9,0,0,,,4.85,"CRC (88th edition)"
2304,"hydrazinobenzene","acid-base",288.15,9,8,0,0,,,8.79,"CRC (88th edition)"
2305,"phopho-creatine","acid-base",298.15,8,7,0,0,,,2.67,"Taken as is from creatine"
2305,"phopho-creatine","acid-base",298.15,9,8,0,0,,,4.3,"Reaxys"
2357,"2-chlorobenzoate","acid-base",298.15,5,4,0,0,"OC(=O)c1ccccc1Cl","[O-]C(=O)c1ccccc1Cl",2.9,"CRC (88th edition)"
2359,"2-fluorobenzoate","acid-base",298.15,5,4,0,0,"OC(=O)c1ccccc1F","[O-]C(=O)c1ccccc1F",3.27,"CRC (88th edition)"
2364,"3-fluorobenzoate","acid-base",298.15,5,4,0,0,"OC(=O)c1cccc(F)c1","[O-]C(=O)c1cccc(F)c1",3.86,"CRC (88th edition)"
2370,"4-chlorobenzoate","acid-base",298.15,5,4,0,0,"OC(=O)c1ccc(Cl)cc1","[O-]C(=O)c1ccc(Cl)cc1",4,"CRC (88th edition)"
2371,"4-fluorobenzoate","acid-base",298.15,5,4,0,0,"OC(=O)c1ccc(F)cc1","[O-]C(=O)c1ccc(F)cc1",4.15,"CRC (88th edition)"
2372,"4-aminophenol","acid-base",298.15,8,7,0,0,"[NH3+]c1ccc(O)cc1","Nc1ccc(O)cc1",5.48,"CRC (88th edition)"
2372,"4-aminophenol","acid-base",298.15,7,6,0,0,"Nc1ccc(O)cc1","Nc1ccc([O-])cc1",10.3,"CRC (88th edition)"
2378,"6-aminohexanoate","acid-base",298.15,13,12,0,0,"[NH3+]CCCCCC(=O)[O-]","NCCCCCC(=O)[O-]",10.8,"CRC (88th edition)"
2378,"6-aminohexanoate","acid-base",298.15,14,13,0,0,"[NH3+]CCCCCC(=O)O","[NH3+]CCCCCC(=O)[O-]",4.37,"CRC (88th edition)"
2454,"1,3-benzenediamine","acid-base",293.15,10,9,0,0,"c1cc([NH3+])cc([NH3+])c1","c1cc([NH3+])cc(N)c1",2.5,"CRC (88th edition)"
2454,"1,3-benzenediamine","acid-base",293.15,9,8,0,0,"c1cc([NH3+])cc(N)c1","c1cc(N)cc(N)c1",5.11,"CRC (88th edition)"
2496,"2,4-dinitrophenol","acid-base",298.15,4,3,0,0,,,4.07,"CRC (88th edition)"
2499,"2-phenylphenol","acid-base",298.15,10,9,0,0,"Oc1ccccc1-c1ccccc1","[O-]c1ccccc1-c1ccccc1",10.01,"CRC (88th edition)"
2502,"2-hydroxypyridine","acid-base",293.15,6,5,0,0,"Oc1cccc[nH+]1","Oc1ccccn1",0.75,"CRC (88th edition)"
2502,"2-hydroxypyridine","acid-base",293.15,5,4,0,0,"Oc1ccccn1","[O-]c1ccccn1",11.65,"CRC (88th edition)"
2519,"4-methoxybenzoate","acid-base",298.15,8,7,0,0,"COc1ccc(cc1)C(O)=O","COc1ccc(cc1)C([O-])=O",4.5,"CRC (88th edition)"
2557,"methylmalonyl-CoA","acid-base",298.15,37,36,0,0,"CC(C)(COP(=O)([O-])OP(=O)([O-])OC[C@@H]1[C@H]([C@H]([C@H](n2cnc3c(N)[nH+]cnc23)O1)O)OP(=O)([O-])O)C(C(=NCCC(=NCCSC(=O)C(C)C(=O)[O-])O)O)O","CC(C)(COP(=O)([O-])OP(=O)([O-])OC[C@@H]1[C@H]([C@H]([C@H](n2cnc3c(N)ncnc23)O1)O)OP(=O)([O-])O)C(C(=NCCC(=NCCSC(=O)C(C)C(=O)[O-])O)O)O",4.32,"Values taken as is from CoA"
2557,"methylmalonyl-CoA","acid-base",298.15,36,35,0,0,"CC(C)(COP(=O)([O-])OP(=O)([O-])OC[C@@H]1[C@H]([C@H]([C@H](n2cnc3c(N)ncnc23)O1)O)OP(=O)([O-])O)C(C(=NCCC(=NCCSC(=O)C(C)C(=O)[O-])O)O)O","CC(C)(COP(=O)([O-])OP(=O)([O-])OC[C@@H]1[C@H]([C@H]([C@H](n2cnc3c(N)ncnc23)O1)O)OP(=O)([O-])[O-])C(C(=NCCC(=NCCSC(=O)C(C)C(=O)[O-])O)O)O",6.31,"Values taken as is from CoA"
2557,"methylmalonyl-CoA","acid-base",298.15,38,37,0,0,"CC(C)(COP(=O)([O-])OP(=O)([O-])OC[C@@H]1[C@H]([C@H]([C@H](n2cnc3c(N)[nH+]cnc23)O1)O)OP(=O)([O-])O)C(C(=NCCC(=NCCSC(=O)C(C)C(=O)O)O)O)O","CC(C)(COP(=O)([O-])OP(=O)([O-])OC[C@@H]1[C@H]([C@H]([C@H](n2cnc3c(N)[nH+]cnc23)O1)O)OP(=O)([O-])O)C(C(=NCCC(=NCCSC(=O)C(C)C(=O)[O-])O)O)O",4.21,"Alberty (2003)"
2560,"N-acetylimidazole",,298.15,6,6,0,0,,,,
2588,"retinyl palmitate",,298.15,60,60,0,0,,,,
2632,"2-methylpropanoate","acid-base",293.15,8,7,0,0,"CC(C)C(=O)O","CC(C)C(=O)[O-]",4.84,"CRC (88th edition)"
2656,"pimelate","acid-base",298.15,11,10,0,0,"C(=O)(O)CCCCCC(=O)[O-]","C(=O)([O-])CCCCCC(=O)[O-]",5.58,"CRC (88th edition)"
2656,"pimelate","acid-base",298.15,12,11,0,0,"C(=O)(O)CCCCCC(=O)O","C(=O)(O)CCCCCC(=O)[O-]",4.71,"CRC (88th edition)"
2666,"coniferaldehyde",,298.15,10,9,0,0,,,7.94,"Nilvebrant (2001)"
2846,"dimethylaminobenzene","acid-base",298.15,12,11,0,0,"C[NH+](C)c1ccccc1","CN(C)c1ccccc1",5.07,"CRC (88th edition)"
3005,"N-methylanthranilate","acid-base",298.15,9,8,0,0,"CNc1ccccc1C(O)=O","CNc1ccccc1C([O-])=O",5.34,"CRC (88th edition)"
3044,"(R,R)-butane-2,3-diol",,298.15,10,10,0,0,,,,
3067,"3-hydroxybenzaldehyde","acid-base",298.15,6,5,0,0,,,8.98,"CRC (88th edition)"
3173,"S-methylthioglycolate","acid-base",298.15,6,5,0,0,"CSCC(O)=O","CSCC([O-])=O",3.66,"CRC (88th edition)"
3224,"3,5-dibromo-L-tyrosine","acid-base",298.15,8,7,0,0,"[NH3+][C@@H](Cc1cc(Br)c([O-])c(Br)c1)C([O-])=O","N[C@@H](Cc1cc(Br)c([O-])c(Br)c1)C([O-])=O",7.6,"CRC (88th edition)"
3224,"3,5-dibromo-L-tyrosine","acid-base",298.15,9,8,0,0,"[NH3+][C@@H](Cc1cc(Br)c(O)c(Br)c1)C([O-])=O","[NH3+][C@@H](Cc1cc(Br)c([O-])c(Br)c1)C([O-])=O",6.45,"CRC (88th edition)"
3224,"3,5-dibromo-L-tyrosine","acid-base",298.15,10,9,0,0,"[NH3+][C@@H](Cc1cc(Br)c(O)c(Br)c1)C(O)=O","[NH3+][C@@H](Cc1cc(Br)c(O)c(Br)c1)C([O-])=O",2.17,"CRC (88th edition)"
3232,"3-phosphonooxypyruvate","acid-base",298.15,3,2,0,0,,,3.8,"Taken as is from pyruvate"
3232,"3-phosphonooxypyruvate","acid-base",296.15,4,3,0,0,,,6.22,"Robitaille (1990)"
3351,"3-hydroxybenzenemethanol",,298.15,8,7,0,0,,,9.5,"Naik (2008)"
3383,"D-galactono-1,4-lactone",,298.15,10,10,0,0,,,,
3384,"D-galactose 1-phosphate","acid-base",298.15,12,11,0,0,"C([C@@H]1[C@@H]([C@@H]([C@H](C(O1)OP(=O)([O-])O)O)O)O)O","C([C@@H]1[C@@H]([C@@H]([C@H](C(O1)OP(=O)([O-])[O-])O)O)O)O",6.17,"Alberty (2003)"
3479,"5-formyltetrahydrofolate","acid-base",298.15,23,22,0,0,,,3.1,"CRC (88th edition)"
3479,"5-formyltetrahydrofolate","acid-base",298.15,22,21,0,0,,,4.8,"CRC (88th edition)"
3479,"5-formyltetrahydrofolate","acid-base",298.15,21,20,0,0,,,10.4,"CRC (88th edition)"
3500,"ethyl acetoacetate","acid-base",298.15,10,9,0,0,,,10.68,"CRC (88th edition)"
3521,"glycolyl-D-mannosamine",,298.15,15,15,0,0,,,,
3722,"pyridine-2,3-dicarboxylate","acid-base",298.15,5,4,0,0,,,2.43,"CRC (88th edition)"
3722,"pyridine-2,3-dicarboxylate","acid-base",298.15,4,3,0,0,,,4.78,"CRC (88th edition)"
3737,"xylose 1-P","acid-base",296.15,10,9,0,0,,,6.06,"Robitaille (1990)"
3758,"dopamine","acid-base",298.15,12,11,0,0,"[NH3+]CCc1ccc(O)c(O)c1","NCCc1ccc(O)c(O)c1",8.9,"CRC (88th edition)"
3758,"dopamine","acid-base",298.15,11,10,0,0,"NCCc1ccc(O)c(O)c1","NCCc1ccc(O)c([O-])c1",10.6,"CRC (88th edition)"
3783,"D-galactosamine 1-P","acid-base",296.15,13,12,0,0,,,5.44,"Robitaille (1990)"
3882,"piperine","acid-base",291.15,20,19,0,0,,,12.22,"CRC (88th edition)"
4178,"bromoxynil","acid-base",298.15,3,2,0,0,,,4.06,"CRC (88th edition)"
4256,"N-acetyl D-glucosamine 1P","acid-base",296.15,15,14,0,0,,,6.12,"Robitaille (1990)"
4348,"malyl-CoA","acid-base",298.15,37,36,0,0,"CC(C)(COP([O-])(=O)OP([O-])(=O)OC[C@H]1O[C@H]([C@H](O)[C@@H]1OP([O-])(O)=O)n2cnc3c(N)[nH+]cnc23)[C@@H](O)C(=O)NCCC(=O)NCCSC(=O)CC(O)C(=O)[O-]","CC(C)(COP([O-])(=O)OP([O-])(=O)OC[C@H]1O[C@H]([C@H](O)[C@@H]1OP([O-])(O)=O)n2cnc3c(N)ncnc23)[C@@H](O)C(=O)NCCC(=O)NCCSC(=O)CC(O)C(=O)[O-]",4.32,"Values taken as is from CoA"
4348,"malyl-CoA","acid-base",298.15,36,35,0,0,"CC(C)(COP([O-])(=O)OP([O-])(=O)OC[C@H]1O[C@H]([C@H](O)[C@@H]1OP([O-])(O)=O)n2cnc3c(N)ncnc23)[C@@H](O)C(=O)NCCC(=O)NCCSC(=O)CC(O)C(=O)[O-]","CC(C)(COP([O-])(=O)OP([O-])(=O)OC[C@H]1O[C@H]([C@H](O)[C@@H]1OP([O-])([O-])=O)n2cnc3c(N)ncnc23)[C@@H](O)C(=O)NCCC(=O)NCCSC(=O)CC(O)C(=O)[O-]",6.31,"Values taken as is from CoA"
4348,"malyl-CoA","acid-base",298.15,38,37,0,0,"CC(C)(COP([O-])(=O)OP([O-])(=O)OC[C@H]1O[C@H]([C@H](O)[C@@H]1OP([O-])(O)=O)n2cnc3c(N)[nH+]cnc23)[C@@H](O)C(=O)NCCC(=O)NCCSC(=O)CC(O)C(=O)O","CC(C)(COP([O-])(=O)OP([O-])(=O)OC[C@H]1O[C@H]([C@H](O)[C@@H]1OP([O-])(O)=O)n2cnc3c(N)[nH+]cnc23)[C@@H](O)C(=O)NCCC(=O)NCCSC(=O)CC(O)C(=O)[O-]",4.21,"Alberty (2003)"
4483,"deoxycholate","acid-base",298.15,40,39,0,0,,,6.58,"CRC (88th edition)"
5058,"3-aminophenol","acid-base",293.15,8,7,0,0,"[NH3+]c1cccc(O)c1","Nc1cccc(O)c1",4.37,"CRC (88th edition)"
5058,"3-aminophenol","acid-base",293.15,7,6,0,0,"Nc1cccc(O)c1","Nc1cccc([O-])c1",9.82,"CRC (88th edition)"
5080,"novobiocin","acid-base",298.15,36,35,0,0,,,4.3,"CRC (88th edition)"
5080,"novobiocin","acid-base",298.15,35,34,0,0,,,9.1,"CRC (88th edition)"
5122,"taurocholate","acid-base",298.15,45,44,0,0,,,1.4,"CRC (88th edition)"
5268,"(S)-hydroxyhexanoyl-CoA","acid-base",298.15,44,43,0,0,"CC(C)(COP([O-])(=O)OP([O-])(=O)OC[C@H]1O[C@H]([C@H](O)[C@@H]1OP([O-])(O)=O)n2cnc3c(N)[nH+]cnc23)[C@@H](O)C(=O)NCCC(=O)NCCSC(=O)CC(O)CCC","CC(C)(COP([O-])(=O)OP([O-])(=O)OC[C@H]1O[C@H]([C@H](O)[C@@H]1OP([O-])(O)=O)n2cnc3c(N)ncnc23)[C@@H](O)C(=O)NCCC(=O)NCCSC(=O)CC(O)CCC",4.32,"Values taken as is from CoA"
5268,"(S)-hydroxyhexanoyl-CoA","acid-base",298.15,43,42,0,0,"CC(C)(COP([O-])(=O)OP([O-])(=O)OC[C@H]1O[C@H]([C@H](O)[C@@H]1OP([O-])(O)=O)n2cnc3c(N)ncnc23)[C@@H](O)C(=O)NCCC(=O)NCCSC(=O)CC(O)CCC","CC(C)(COP([O-])(=O)OP([O-])(=O)OC[C@H]1O[C@H]([C@H](O)[C@@H]1OP([O-])([O-])=O)n2cnc3c(N)ncnc23)[C@@H](O)C(=O)NCCC(=O)NCCSC(=O)CC(O)CCC",6.31,"Values taken as is from CoA"
5269,"3-oxohexanoyl-CoA","acid-base",298.15,42,41,0,0,"CC(C)(COP([O-])(=O)OP([O-])(=O)OC[C@H]1O[C@H]([C@H](O)[C@@H]1OP([O-])(O)=O)n2cnc3c(N)[nH+]cnc23)[C@@H](O)C(=O)NCCC(=O)NCCSC(=O)CC(=O)CCC","CC(C)(COP([O-])(=O)OP([O-])(=O)OC[C@H]1O[C@H]([C@H](O)[C@@H]1OP([O-])(O)=O)n2cnc3c(N)ncnc23)[C@@H](O)C(=O)NCCC(=O)NCCSC(=O)CC(=O)CCC",4.32,"Values taken as is from CoA"
5269,"3-oxohexanoyl-CoA","acid-base",298.15,41,40,0,0,"CC(C)(COP([O-])(=O)OP([O-])(=O)OC[C@H]1O[C@H]([C@H](O)[C@@H]1OP([O-])(O)=O)n2cnc3c(N)ncnc23)[C@@H](O)C(=O)NCCC(=O)NCCSC(=O)CC(=O)CCC","CC(C)(COP([O-])(=O)OP([O-])(=O)OC[C@H]1O[C@H]([C@H](O)[C@@H]1OP([O-])([O-])=O)n2cnc3c(N)ncnc23)[C@@H](O)C(=O)NCCC(=O)NCCSC(=O)CC(=O)CCC",6.31,"Values taken as is from CoA"
5382,"sedoheptulose 7-P","acid-base",296.15,14,13,0,0,,,6.08,"Robitaille (1990)"
5469,"17alpha,21-Dihydroxy-5beta-pregnane-3,11,20-trione",,298.15,30,30,0,0,,,,
5471,"11beta,17alpha,21-Trihydroxy-5beta-pregnane-3,20-dione",,298.15,32,32,0,0,,,,
5512,"Deoxyinosine",,298.15,12,11,0,0,,,8.8,"Taken as is from inosine"
5945,"L-Arginine phosphate","acid-base",298.15,16,15,0,0,"C(=O)(O)[C@@H]([NH3+])CCCNC(=[NH2+])NP([O-])(O)=O","C(=O)([O-])[C@@H]([NH3+])CCCNC(=[NH2+])NP([O-])(O)=O",2.8,
5945,"L-Arginine phosphate","acid-base",298.15,15,14,0,0,"C(=O)([O-])[C@@H]([NH3+])CCCNC(=[NH2+])NP([O-])(O)=O","C(=O)([O-])[C@@H]([NH3+])CCCNC(=[NH2+])NP([O-])([O-])=O",4.5,
5945,"L-Arginine phosphate","acid-base",298.15,14,13,0,0,"C(=O)([O-])[C@@H]([NH3+])CCCNC(=[NH2+])NP([O-])([O-])=O","C(=O)([O-])[C@@H](N)CCCNC(=[NH2+])NP([O-])([O-])=O",9.6,
5945,"L-Arginine phosphate","acid-base",298.15,13,12,0,0,"C(=O)([O-])[C@@H](N)CCCNC(=[NH2+])NP([O-])([O-])=O","C(=O)([O-])[C@@H](N)CCCNC(=N)NP([O-])([O-])=O",11.2,
5986,"2-propynol","acid-base",298.15,4,3,0,0,"C#CCO","C#CC[O-]",13.6,"CRC (88th edition)"
6091,"aconitine","acid-base",298.15,48,47,0,0,,,5.88,"CRC (88th edition)"
6104,"hexanedioate","acid-base",291.15,9,8,0,0,"OC(=O)CCCCC([O-])=O","[O-]C(=O)CCCCC([O-])=O",5.41,"CRC (88th edition)"
6104,"hexanedioate","acid-base",291.15,10,9,0,0,"OC(=O)CCCCC(O)=O","OC(=O)CCCCC([O-])=O",4.41,"CRC (88th edition)"
6108,"fluoroacetate","acid-base",298.15,3,2,0,0,"FCC(=O)O","FCC(=O)[O-]",2.59,"CRC (88th edition)"
6142,"1-butanol",,298.15,10,10,0,0,,,,
6156,"D-glucosamine 1-P","acid-base",296.15,13,12,0,0,,,5.4,"Robitaille (1990)"
6173,"thebaine","acid-base",288.15,22,21,0,0,,,6.05,"CRC (88th edition)"
6174,"codeine","acid-base",298.15,22,21,0,0,,,8.21,"CRC (88th edition)"
6202,"salicylaldehyde","acid-base",298.15,6,5,0,0,"C(=O)c1ccccc1O","C(=O)c1ccccc1[O-]",8.37,"CRC (88th edition)"
6219,"Cellotriose",,298.15,32,32,0,0,,,,
6244,"acetamide","acid-base",298.15,5,4,0,0,"CC(=O)N","CC(=O)[NH-]",15.1,"CRC (88th edition)"
6323,"isoquinoline","acid-base",293.15,8,7,0,0,"c1ccc2c[nH+]ccc2c1","c1ccc2cnccc2c1",5.4,"CRC (88th edition)"
6333,"2-aminobenzenesulfonate","acid-base",298.15,7,6,0,0,"Nc1ccccc1S(O)(=O)=O","Nc1ccccc1S([O-])(=O)=O",2.46,"CRC (88th edition)"
6334,"3-aminobenzenesulfonate","acid-base",298.15,7,6,0,0,"Nc1cccc(c1)S(O)(=O)=O","Nc1cccc(c1)S([O-])(=O)=O",3.74,"CRC (88th edition)"
6335,"4-aminobenzenesulfonate","acid-base",298.15,7,6,0,0,"Nc1ccc(cc1)S(O)(=O)=O","Nc1ccc(cc1)S([O-])(=O)=O",3.23,"CRC (88th edition)"
6337,"terephthalate","acid-base",298.15,5,4,0,0,"OC(=O)c1ccc(cc1)C([O-])=O","[O-]C(=O)c1ccc(cc1)C([O-])=O",4.34,"CRC (88th edition)"
6337,"terephthalate","acid-base",298.15,6,5,0,0,"OC(=O)c1ccc(cc1)C(O)=O","OC(=O)c1ccc(cc1)C([O-])=O",3.54,"CRC (88th edition)"
6338,"quinolin-2-ol","acid-base",293.15,8,7,0,0,"Oc1ccc2ccccc2[nH+]1","Oc1ccc2ccccc2n1",-0.31,"CRC (88th edition)"
6338,"quinolin-2-ol","acid-base",293.15,7,6,0,0,"Oc1ccc2ccccc2n1","[O-]c1ccc2ccccc2n1",11.76,"CRC (88th edition)"
6413,"quinoline","acid-base",293.15,8,7,0,0,"c1ccc2[nH+]cccc2c1","c1ccc2ncccc2c1",4.9,"CRC (88th edition)"
6423,"octanoate","acid-base",298.15,16,15,0,0,"CCCCCCCC(=O)O","CCCCCCCC(=O)[O-]",4.89,"CRC (88th edition)"
6463,"D-Threose",,298.15,8,8,0,0,,,,
6464,"D-Altrose",,298.15,12,12,0,0,,,,
6468,"D-Psicose",,298.15,12,12,0,0,,,,
6522,"strychnine","acid-base",298.15,23,22,0,0,,,8.26,"CRC (88th edition)"
6526,"quinine","acid-base",298.15,26,25,0,0,,,4.13,"CRC (88th edition)"
6526,"quinine","acid-base",298.15,25,24,0,0,,,8.52,"CRC (88th edition)"
6527,"quinidine","acid-base",293.15,26,25,0,0,,,5.4,"CRC (88th edition)"
6527,"quinidine","acid-base",293.15,25,24,0,0,,,10,"CRC (88th edition)"
6528,"cinchonine","acid-base",298.15,24,23,0,0,,,5.85,"CRC (88th edition)"
6528,"cinchonine","acid-base",298.15,23,22,0,0,,,9.92,"CRC (88th edition)"
6530,"cupreine","acid-base",298.15,24,23,0,0,,,6.57,"CRC (88th edition)"
6533,"papaverine","acid-base",298.15,22,21,0,0,,,6.4,"CRC (88th edition)"
6535,"physostigmine","acid-base",298.15,23,22,0,0,,,6.12,"CRC (88th edition)"
6535,"physostigmine","acid-base",298.15,22,21,0,0,,,12.24,"CRC (88th edition)"
6538,"harmine","acid-base",298.15,13,12,0,0,,,7.7,"CRC (88th edition)"
6539,"reserpine","acid-base",298.15,41,40,0,0,,,6.6,"CRC (88th edition)"
6544,"veratridine","acid-base",298.15,52,51,0,0,,,9.54,"CRC (88th edition)"
6554,"cyanuric acid","acid-base",298.15,3,2,0,0,,,6.88,"CRC (88th edition)"
6554,"cyanuric acid","acid-base",298.15,2,1,0,0,,,11.4,"CRC (88th edition)"
6554,"cyanuric acid","acid-base",298.15,1,0,0,0,,,13.5,"CRC (88th edition)"
6688,"rifampicin","acid-base",298.15,59,58,0,0,,,1.7,"CRC (88th edition)"
6688,"rifampicin","acid-base",298.15,58,57,0,0,,,7.9,"CRC (88th edition)"
6748,"isopropylamine","acid-base",298.15,10,9,0,0,"[NH3+]C(C)C","NC(C)C",10.63,"CRC (88th edition)"
6755,"chloroacetic acid","acid-base",298.15,3,2,0,0,"ClCC(=O)O","ClCC(=O)[O-]",2.87,"CRC (88th edition)"
6771,"triethanolamine","acid-base",298.15,16,15,0,0,"OCC[NH+](CCO)CCO","OCCN(CCO)CCO",7.76,"CRC (88th edition)"
6805,"acetazolamide","acid-base",298.15,6,5,0,0,"CC(=O)Nc1nnc(s1)S(N)(=O)=O","CC(=O)Nc1nnc(s1)S([NH-])(=O)=O",7.2,"CRC (88th edition)"
6808,"acetohydroxamic acid","acid-base",298.15,5,4,0,0,"CC(=O)NO","CC(=O)N[O-]",8.7,"CRC (88th edition)"
6813,"nitrobenzene","acid-base",273.15,6,5,0,0,,,3.98,"CRC (88th edition)"
6823,"amiodarone","acid-base",298.15,30,29,0,0,,,6.56,"CRC (88th edition)"
6824,"amitriptyline","acid-base",298.15,24,23,0,0,,,9.4,"CRC (88th edition)"
6837,"azathioprine","acid-base",298.15,8,7,0,0,,,8.2,"CRC (88th edition)"
6897,"cephradine","acid-base",298.15,20,19,0,0,,,2.63,"CRC (88th edition)"
6897,"cephradine","acid-base",298.15,19,18,0,0,,,7.27,"CRC (88th edition)"
6914,"clindamycin","acid-base",298.15,34,33,0,0,,,7.6,"CRC (88th edition)"
6924,"clozapine","acid-base",298.15,21,20,0,0,,,3.7,"CRC (88th edition)"
6924,"clozapine","acid-base",298.15,20,19,0,0,,,7.6,"CRC (88th edition)"
6997,"fenoprofen","acid-base",298.15,14,13,0,0,,,7.3,"CRC (88th edition)"
7056,"isoproterenol","acid-base",298.15,18,17,0,0,,,8.64,"CRC (88th edition)"
7064,"lactulose",,298.15,22,22,0,0,,,,
7086,"phenylacetate","acid-base",298.15,8,7,0,0,"OC(=O)Cc1ccccc1","[O-]C(=O)Cc1ccccc1",4.31,"CRC (88th edition)"
7130,"1,3-dimethylxanthine","acid-base",298.15,8,7,0,0,,,8.77,"CRC (88th edition)"
7188,"verapamil","acid-base",298.15,39,38,0,0,,,8.6,"CRC (88th edition)"
7196,"methylphenidate","acid-base",298.15,20,19,0,0,,,8.9,"CRC (88th edition)"
7201,"vinblastine","acid-base",298.15,60,59,0,0,,,5.4,"CRC (88th edition)"
7201,"vinblastine","acid-base",298.15,59,58,0,0,,,7.4,"CRC (88th edition)"
7204,"vincristine","acid-base",298.15,58,57,0,0,,,5.4,"CRC (88th edition)"
7211,"m-methylbenzoate","acid-base",298.15,8,7,0,0,"Cc1cccc(c1)C(O)=O","Cc1cccc(c1)C([O-])=O",4.25,"CRC (88th edition)"
7215,"o-methylbenzoate","acid-base",298.15,8,7,0,0,"Cc1ccccc1C(O)=O","Cc1ccccc1C([O-])=O",3.91,"CRC (88th edition)"
7270,"nizatidine","acid-base",298.15,23,22,0,0,,,2.1,"CRC (88th edition)"
7270,"nizatidine","acid-base",298.15,22,21,0,0,,,6.8,"CRC (88th edition)"
7273,"succinimide","acid-base",298.15,5,4,0,0,"O=C1CCC(=O)N1","O=C1CCC(=O)[N-]1",9.62,"CRC (88th edition)"
7318,"sulfisoxazole","acid-base",298.15,14,13,0,0,,,5,"CRC (88th edition)"
7408,"protriptyline","acid-base",298.15,22,21,0,0,,,8.2,"CRC (88th edition)"
7434,"phenobarbital","acid-base",298.15,12,11,0,0,,,7.3,"CRC (88th edition)"
7434,"phenobarbital","acid-base",298.15,11,10,0,0,,,11.8,"CRC (88th edition)"
7440,"phenylbutazone","acid-base",298.15,21,20,0,0,,,4.5,"CRC (88th edition)"
7461,"chlorothiazide","acid-base",298.15,7,6,0,0,,,6.85,"CRC (88th edition)"
7461,"chlorothiazide","acid-base",298.15,6,5,0,0,,,9.45,"CRC (88th edition)"
7474,"pilocarpine","acid-base",298.15,18,17,0,0,,,1.6,"CRC (88th edition)"
7474,"pilocarpine","acid-base",298.15,17,16,0,0,,,6.9,"CRC (88th edition)"
7480,"3,7-dimethylxanthine","acid-base",291.15,8,7,0,0,,,7.89,"CRC (88th edition)"
7490,"2,2,2-trichloroethanol","acid-base",298.15,3,2,0,0,"C(Cl)(Cl)(Cl)CO","C(Cl)(Cl)(Cl)C[O-]",12.24,"CRC (88th edition)"
7525,"ketamine","acid-base",298.15,17,16,0,0,,,7.5,"CRC (88th edition)"
7527,"benzocaine","acid-base",298.15,12,11,0,0,,,2.5,"CRC (88th edition)"
7536,"amobarbital","acid-base",298.15,18,17,0,0,,,8,"CRC (88th edition)"
7543,"ergonovine","acid-base",298.15,24,23,0,0,,,6.8,"CRC (88th edition)"
7565,"N-phenylacetamide","acid-base",298.15,10,9,0,0,,,0.5,"CRC (88th edition)"
7581,"pteridine","acid-base",293.15,5,4,0,0,,,4.05,"CRC (88th edition)"
7592,"colchicine","acid-base",293.15,25,24,0,0,,,12.36,"CRC (88th edition)"
7672,"biguanide","acid-base",298.15,9,8,0,0,,,2.93,"CRC (88th edition)"
7672,"biguanide","acid-base",298.15,8,7,0,0,,,11.52,"CRC (88th edition)"
7763,"hydroflumethiazide","acid-base",298.15,8,7,0,0,,,8.9,"CRC (88th edition)"
7763,"hydroflumethiazide","acid-base",298.15,7,6,0,0,,,9.7,"CRC (88th edition)"
7764,"methazolamide","acid-base",298.15,8,7,0,0,,,7.3,"CRC (88th edition)"
7765,"methyclothiazide","acid-base",298.15,11,10,0,0,,,9.4,"CRC (88th edition)"
7967,"bithionol","acid-base",298.15,6,5,0,0,,,4.82,"CRC (88th edition)"
7967,"bithionol","acid-base",298.15,5,4,0,0,,,10.5,"CRC (88th edition)"
7973,"piperazine","acid-base",298.15,12,11,0,0,"C1C[NH2+]CC[NH2+]1","C1C[NH2+]CCN1",5.33,"CRC (88th edition)"
7973,"piperazine","acid-base",298.15,11,10,0,0,"C1C[NH2+]CCN1","C1CNCCN1",9.73,"CRC (88th edition)"
8217,"iopanoic acid","acid-base",298.15,12,11,0,0,,,4.8,"CRC (88th edition)"
8240,"gentiobiose",,298.15,22,22,0,0,,,,
8261,"1,7-heptanedicarboxylic acid","acid-base",298.15,15,14,0,0,"C(=O)(O)CCCCCCCC(=O)[O-]","C(=O)([O-])CCCCCCCC(=O)[O-]",5.33,"CRC (88th edition)"
8261,"1,7-heptanedicarboxylic acid","acid-base",298.15,16,15,0,0,"C(=O)(O)CCCCCCCC(=O)O","C(=O)(O)CCCCCCCC(=O)[O-]",4.53,"CRC (88th edition)"
8262,"isovalerate","acid-base",298.15,10,9,0,0,"CC(C)CC(O)=O","CC(C)CC([O-])=O",4.77,"CRC (88th edition)"
8277,"sebacic acid","acid-base",298.15,17,16,0,0,"C(=O)(O)CCCCCCCCC(=O)[O-]","C(=O)([O-])CCCCCCCCC(=O)[O-]",5.59,"CRC (88th edition)"
8277,"sebacic acid","acid-base",298.15,18,17,0,0,"C(=O)(O)CCCCCCCCC(=O)O","C(=O)(O)CCCCCCCCC(=O)[O-]",4.59,"CRC (88th edition)"
8278,"1,8-octanedioic acid","acid-base",298.15,13,12,0,0,"C(=O)(O)CCCCCCC(=O)[O-]","C(=O)([O-])CCCCCCC(=O)[O-]",5.52,"CRC (88th edition)"
8278,"1,8-octanedioic acid","acid-base",298.15,14,13,0,0,"C(=O)(O)CCCCCCC(=O)O","C(=O)(O)CCCCCCC(=O)[O-]",4.52,"CRC (88th edition)"
8306,"hexylamine","acid-base",298.15,17,16,0,0,"CCCCCC[NH3+]","CCCCCCN",10.56,"CRC (88th edition)"
8660,"atisine","acid-base",298.15,34,33,0,0,,,12.2,"CRC (88th edition)"
9084,"brucine","acid-base",298.15,27,26,0,0,,,6.04,"CRC (88th edition)"
9084,"brucine","acid-base",298.15,26,25,0,0,,,11.07,"CRC (88th edition)"
9421,"emetine","acid-base",298.15,42,41,0,0,,,5.77,"CRC (88th edition)"
9421,"emetine","acid-base",298.15,41,40,0,0,,,6.64,"CRC (88th edition)"
9592,"alpha-narcotine","acid-base",298.15,24,23,0,0,,,7.8,"CRC (88th edition)"
9822,"hexahydrobenzoic acid","acid-base",298.15,12,11,0,0,"OC(=O)C1CCCCC1","[O-]C(=O)C1CCCCC1",4.91,"CRC (88th edition)"
9876,"lycodine","acid-base",298.15,24,23,0,0,,,3.97,"CRC (88th edition)"
9876,"lycodine","acid-base",298.15,23,22,0,0,,,8.08,"CRC (88th edition)"
10129,"arecoline","acid-base",298.15,14,13,0,0,,,6.84,"CRC (88th edition)"
10164,"picolinic acid","acid-base",293.15,6,5,0,0,"OC(=O)c1cccc[nH+]1","OC(=O)c1ccccn1",0.99,"CRC (88th edition)"
10164,"picolinic acid","acid-base",293.15,5,4,0,0,"OC(=O)c1ccccn1","[O-]C(=O)c1ccccn1",5.39,"CRC (88th edition)"
10571,"aspergillic acid","acid-base",298.15,20,19,0,0,,,5.5,"CRC (88th edition)"
10763,"cytisine","acid-base",298.15,16,15,0,0,,,6.11,"CRC (88th edition)"
10763,"cytisine","acid-base",298.15,15,14,0,0,,,13.08,"CRC (88th edition)"
10783,"sparteine","acid-base",293.15,28,27,0,0,"[H][C@@]12CCCC[NH+]1C[C@@H]1C[C@H]2C[NH+]2CCCC[C@]12[H]","[H][C@@]12CCCC[NH+]1C[C@@H]1C[C@H]2CN2CCCC[C@]12[H]",2.24,"CRC (88th edition)"
10783,"sparteine","acid-base",293.15,27,26,0,0,"[H][C@@]12CCCC[NH+]1C[C@@H]1C[C@H]2CN2CCCC[C@]12[H]","[H][C@@]12CCCCN1C[C@@H]1C[C@H]2CN2CCCC[C@]12[H]",9.46,"CRC (88th edition)"
10820,"solanine","acid-base",288.15,74,73,0,0,,,6.66,"CRC (88th edition)"
10848,"tropacocaine","acid-base",288.15,20,19,0,0,,,4.32,"CRC (88th edition)"
10897,"carbendazim","acid-base",298.15,10,9,0,0,,,4.48,"CRC (88th edition)"
10906,"D-fructose",,298.15,12,12,0,0,,,,
10998,"4-aminobiphenyl","acid-base",291.15,12,11,0,0,,,4.35,"CRC (88th edition)"
11004,"2,6-dimethylaniline","acid-base",298.15,12,11,0,0,"Cc1cccc(C)c1[NH3+]","Cc1cccc(C)c1N",3.89,"CRC (88th edition)"
11010,"2-fluoroaniline","acid-base",298.15,7,6,0,0,"[NH3+]c1ccccc1F","Nc1ccccc1F",3.2,"CRC (88th edition)"
11013,"3-fluoroaniline","acid-base",298.15,7,6,0,0,"[NH3+]c1cccc(F)c1","Nc1cccc(F)c1",3.59,"CRC (88th edition)"
11014,"4-fluoroaniline","acid-base",298.15,7,6,0,0,"[NH3+]c1ccc(F)cc1","Nc1ccc(F)cc1",4.65,"CRC (88th edition)"
11016,"Diphenylamine","acid-base",298.15,12,11,0,0,"[NH2+](c1ccccc1)c1ccccc1","N(c1ccccc1)c1ccccc1",0.79,"CRC (88th edition)"
11032,"trichlopyr","acid-base",298.15,4,3,0,0,,,2.68,"CRC (88th edition)"
11150,"trichloroacetate","acid-base",293.15,1,0,0,0,"OC(=O)C(Cl)(Cl)Cl","[O-]C(=O)C(Cl)(Cl)Cl",0.66,"CRC (88th edition)"
11153,"teniposide","acid-base",298.15,32,31,0,0,,,10.13,"CRC (88th edition)"
11169,"sulfathiazole","acid-base",298.15,9,8,0,0,,,7.2,"CRC (88th edition)"
11379,"cinchonidine","acid-base",298.15,24,23,0,0,,,5.8,"CRC (88th edition)"
11379,"cinchonidine","acid-base",298.15,23,22,0,0,,,10.03,"CRC (88th edition)"
11476,"L-arabinose",,298.15,10,10,0,0,,,,
11692,"tetrodotoxin","acid-base",298.15,17,16,0,0,,,8.76,"CRC (88th edition)"
11713,"2-naphthol","acid-base",298.15,8,7,0,0,"Oc1ccc2ccccc2c1","[O-]c1ccc2ccccc2c1",9.63,"CRC (88th edition)"
11714,"1-naphthol","acid-base",298.15,8,7,0,0,"Oc1cccc2ccccc12","[O-]c1cccc2ccccc12",9.39,"CRC (88th edition)"
11754,"cephaloridine","acid-base",298.15,18,17,0,0,,,3.2,"CRC (88th edition)"
11907,"4,6-dideoxy-4-oxo-dTDP-D-glucose",,298.15,22,21,0,0,,,9.79,"Taken as is from thymidine"
12600,"phenol red","acid-base",298.15,14,13,0,0,,,7.9,"CRC (88th edition)"
14101,"2-naphthoic acid","acid-base",298.15,8,7,0,0,"OC(=O)c1ccc2ccccc2c1","[O-]C(=O)c1ccc2ccccc2c1",4.16,"CRC (88th edition)"
14130,"2-tert-butylphenol","acid-base",298.15,14,13,0,0,,,10.62,"CRC (88th edition)"
14188,"3-tert-butylphenol","acid-base",298.15,14,13,0,0,,,10.12,"CRC (88th edition)"
14200,"4-tert-butylphenol","acid-base",298.15,14,13,0,0,,,10.23,"CRC (88th edition)"
14219,"2-chlorophenol","acid-base",298.15,5,4,0,0,"Oc1ccccc1Cl","[O-]c1ccccc1Cl",8.56,"CRC (88th edition)"
14224,"4-phenylphenol","acid-base",298.15,10,9,0,0,"Oc1ccc(cc1)-c1ccccc1","[O-]c1ccc(cc1)-c1ccccc1",9.55,"CRC (88th edition)"
14270,"3-chlorophenol","acid-base",298.15,5,4,0,0,"Oc1cccc(Cl)c1","[O-]c1cccc(Cl)c1",9.12,"CRC (88th edition)"
14286,"phenolphthalein","acid-base",298.15,14,13,0,0,,,9.7,"CRC (88th edition)"
14302,"dinoseb","acid-base",298.15,12,11,0,0,,,4.62,"CRC (88th edition)"
14342,"3-phenylphenol","acid-base",298.15,10,9,0,0,"Oc1cccc(c1)-c1ccccc1","[O-]c1cccc(c1)-c1ccccc1",9.64,"CRC (88th edition)"
14402,"1,2-diaminobenzene","acid-base",293.15,10,9,0,0,"[NH3+]c1ccccc1[NH3+]","Nc1ccccc1[NH3+]",0.8,"CRC (88th edition)"
14402,"1,2-diaminobenzene","acid-base",293.15,9,8,0,0,"Nc1ccccc1[NH3+]","Nc1ccccc1N",4.57,"CRC (88th edition)"
14415,"thiourea","acid-base",298.15,5,4,0,0,,,-1,"CRC (88th edition)"
14418,"3-nitrophenol","acid-base",298.15,5,4,0,0,,,8.36,"CRC (88th edition)"
14419,"2,4-dichloroaniline","acid-base",295.15,6,5,0,0,"[NH3+]c1ccc(Cl)cc1Cl","Nc1ccc(Cl)cc1Cl",2.05,"CRC (88th edition)"
14447,"2-methylpyridine","acid-base",298.15,8,7,0,0,"Cc1cccc[nH+]1","Cc1ccccn1",6,"CRC (88th edition)"
14450,"1-amino-4-chlorobenzene","acid-base",298.15,7,6,0,0,"[NH3+]c1ccc(Cl)cc1","Nc1ccc(Cl)cc1",3.98,"CRC (88th edition)"
14452,"morpholine","acid-base",298.15,10,9,0,0,"C1COCC[NH2+]1","C1COCCN1",8.5,"CRC (88th edition)"
14453,"4-bromophenol","acid-base",298.15,5,4,0,0,"Brc1ccc(O)cc1","Brc1ccc([O-])cc1",9.37,"CRC (88th edition)"
14455,"N-ethylbenzenamine","acid-base",298.15,12,11,0,0,"CC[NH2+]c1ccccc1","CCNc1ccccc1",5.12,"CRC (88th edition)"
14686,"dicyclohexylamine","acid-base",298.15,24,23,0,0,"C1CCC(CC1)[NH2+]C2CCCCC2","C1CCC(CC1)NC2CCCCC2",10.4,"CRC (88th edition)"
14691,"triethylamine","acid-base",298.15,16,15,0,0,"CCN(CC)CC","CC[NH+](CC)CC",10.75,"CRC (88th edition)"
14695,"titrilotriacetate","acid-base",293.15,7,6,0,0,"[O-]C(=O)C[NH+](CC([O-])=O)CC([O-])=O","[O-]C(=O)CN(CC([O-])=O)CC([O-])=O",10.7,"CRC (88th edition)"
14695,"titrilotriacetate","acid-base",293.15,8,7,0,0,"OC(=O)C[NH+](CC([O-])=O)CC([O-])=O","[O-]C(=O)C[NH+](CC([O-])=O)CC([O-])=O",3.07,"CRC (88th edition)"
14695,"titrilotriacetate","acid-base",293.15,9,8,0,0,"OC(=O)C[NH+](CC(O)=O)CC([O-])=O","OC(=O)C[NH+](CC([O-])=O)CC([O-])=O",3.03,"CRC (88th edition)"
14790,"1-naphthylamine","acid-base",298.15,10,9,0,0,"[NH3+]c1cccc2ccccc12","Nc1cccc2ccccc12",3.92,"CRC (88th edition)"
14841,"2-bromophenol","acid-base",298.15,5,4,0,0,"Brc1ccccc1O","Brc1ccccc1[O-]",8.45,"CRC (88th edition)"
14866,"chloral","acid-base",298.15,1,0,0,0,,,10.04,"CRC (88th edition)"
15562,"benzylamine","acid-base",298.15,10,9,0,0,"[NH3+]Cc1ccccc1","NCc1ccccc1",9.34,"CRC (88th edition)"
15584,"phenol","acid-base",298.15,6,5,0,0,"Oc1ccccc1","[O-]c1ccccc1",9.99,"CRC (88th edition)"
16200,"benzeneboronic acid","acid-base",298.15,7,6,0,0,"c1ccccc1B(O)O","c1ccccc1B(O)[O-]",8.83,"CRC (88th edition)"
16234,"o-nitrobenzoate","acid-base",298.15,5,4,0,0,,,2.17,"CRC (88th edition)"
16444,"benzidine","acid-base",293.15,14,13,0,0,"c1cc(cc1c2ccc(cc2)[NH3+])[NH3+]","c1cc(cc1c2ccc(cc2)N)[NH3+]",3.43,"CRC (88th edition)"
16444,"benzidine","acid-base",293.15,13,12,0,0,"c1cc(cc1c2ccc(cc2)N)[NH3+]","c1cc(cc1c2ccc(cc2)N)N",4.65,"CRC (88th edition)"
16485,"4-fluorophenol","acid-base",298.15,5,4,0,0,"Fc1ccc(O)cc1","Fc1ccc([O-])cc1",9.89,"CRC (88th edition)"
16512,"palmitoylethanolamide",,298.15,37,37,0,0,,,,
17148,"oleanolic acid","acid-base",298.15,48,47,0,0,,,2.52,"CRC (88th edition)"
17714,"heptanoic acid","acid-base",298.15,14,13,0,0,"CCCCCCC(=O)O","CCCCCCC(=O)[O-]",4.89,"CRC (88th edition)"
,"1-methyl-L-histidine","acid-base",298.15,12,11,0,0,"[nH+]1cn(C)cc1C[C@H]([NH3+])C(=O)[O-]","n1cn(C)cc1C[C@H]([NH2+])C(=O)[O-]",6.48,"CRC (88th edition)"
,"1-methyl-L-histidine","acid-base",298.15,13,12,0,0,"[nH+]1cn(C)cc1C[C@H]([NH3+])C(=O)O","[nH+]1cn(C)cc1C[C@H]([NH3+])C(=O)[O-]",1.69,"CRC (88th edition)"
,"1-methyl-L-histidine","acid-base",298.15,11,10,0,0,"n1cn(C)cc1C[C@H]([NH3+])C(=O)[O-]","n1cn(C)cc1C[C@H](N)C(=O)[O-]",8.85,"CRC (88th edition)"
