Enzyme Name,Short Name,EC,Reaction,Reaction CIDS,RID,Parameter,Direction,Substrate,Substrate CID,Value,Units,Organism,Paper
formate-tetrahydrofolate ligase,ftl,6.3.4.3,Tetrahydrofolate + Formate + ATP => ADP + Pi + 10-Formyltetrahydrofolate,C00101 + C00058 + C00002 => C00008 + C00009 + C00234,R00943,MW,,,,56,kDa,Clostridium cylindrosporum,"Buttlaire et al., 1980, Methods in Enzymology, Purification and properties of formyltetrahydrofolatesynthetase "
formate-tetrahydrofolate ligase,ftl,6.3.4.3,Tetrahydrofolate + Formate + ATP => ADP + Pi + 10-Formyltetrahydrofolate,C00101 + C00058 + C00002 => C00008 + C00009 + C00234,R00943,Vmax,F,,,451,µmol/min/mg,Clostridium cylindrosporum,"Buttlaire et al., 1980, Methods in Enzymology, Purification and properties of formyltetrahydrofolatesynthetase "
formate-tetrahydrofolate ligase,ftl,6.3.4.3,Tetrahydrofolate + Formate + ATP => ADP + Pi + 10-Formyltetrahydrofolate,C00101 + C00058 + C00002 => C00008 + C00009 + C00234,R00943,kcat,F,,,555,1/sec,Clostridium cylindrosporum,"Kounga et al., 1996, Biochimica et Biophysica Acta, Site-directed mutagenesis of putative catalytic and nucleotide binding sites in Nl°-formyltetrahydrofolate synthetase"
formate-tetrahydrofolate ligase,ftl,6.3.4.3,Tetrahydrofolate + Formate + ATP => ADP + Pi + 10-Formyltetrahydrofolate,C00101 + C00058 + C00002 => C00008 + C00009 + C00234,R00943,KM,F,Tetrahydrofolate,C00101,0.37,mM,Clostridium cylindrosporum,"Buttlaire et al., 1980, Methods in Enzymology, Purification and properties of formyltetrahydrofolatesynthetase & Kounga et al., 1996, Biochimica et Biophysica Acta, Site-directed mutagenesis of putative catalytic and nucleotide binding sites in Nl°-formyl"
formate-tetrahydrofolate ligase,ftl,6.3.4.3,Tetrahydrofolate + Formate + ATP => ADP + Pi + 10-Formyltetrahydrofolate,C00101 + C00058 + C00002 => C00008 + C00009 + C00234,R00943,KM,F,Formate,C00058,6.7,mM,Clostridium cylindrosporum,"Buttlaire et al., 1980, Methods in Enzymology, Purification and properties of formyltetrahydrofolatesynthetase & Kounga et al., 1996, Biochimica et Biophysica Acta, Site-directed mutagenesis of putative catalytic and nucleotide binding sites in Nl°-formyl"
formate-tetrahydrofolate ligase,ftl,6.3.4.3,Tetrahydrofolate + Formate + ATP => ADP + Pi + 10-Formyltetrahydrofolate,C00101 + C00058 + C00002 => C00008 + C00009 + C00234,R00943,KM,F,ATP,C00002,0.22,mM,Clostridium cylindrosporum,"Buttlaire et al., 1980, Methods in Enzymology, Purification and properties of formyltetrahydrofolatesynthetase & Kounga et al., 1996, Biochimica et Biophysica Acta, Site-directed mutagenesis of putative catalytic and nucleotide binding sites in Nl°-formyltetrahydrofolate synthetase"
formate-tetrahydrofolate ligase,ftl,6.3.4.3,Tetrahydrofolate + Formate + ATP => ADP + Pi + 10-Formyltetrahydrofolate,C00101 + C00058 + C00002 => C00008 + C00009 + C00234,R00943,KM,B,ADP,C00008,0.13,mM,Clostridium cylindrosporum,"Buttlaire et al., 1980, Methods in Enzymology, Purification and properties of formyltetrahydrofolatesynthetase "
formate-tetrahydrofolate ligase,ftl,6.3.4.3,Tetrahydrofolate + Formate + ATP => ADP + Pi + 10-Formyltetrahydrofolate,C00101 + C00058 + C00002 => C00008 + C00009 + C00234,R00943,KM,B,Pi,C00009,5,mM,Clostridium cylindrosporum,"Buttlaire et al., 1980, Methods in Enzymology, Purification and properties of formyltetrahydrofolatesynthetase "
formate-tetrahydrofolate ligase,ftl,6.3.4.3,Tetrahydrofolate + Formate + ATP => ADP + Pi + 10-Formyltetrahydrofolate,C00101 + C00058 + C00002 => C00008 + C00009 + C00234,R00943,KM,B,10-Formyltetrahydrofolate,C00234,10,mM,Clostridium cylindrosporum,"Buttlaire et al., 1980, Methods in Enzymology, Purification and properties of formyltetrahydrofolatesynthetase "
methenyltetrahydrofolate cyclohydrolase,mtc,3.5.4.9,"10-Formyltetrahydrofolate => 5,10-Methenyltetrahydrofolate + H2O",C00234 => C00445 + C00001,R01655,MW,,,,34,kDa,Homo Sapiens,"Christensen et al, 2008, Vitamins & Hormones, Mitochondrial Methylenetetrahydrofolate Dehydrogenase, Methenyltetrahydrofolate Cyclohydrolase, and Formyltetrahydrofolate Synthetases"
methenyltetrahydrofolate cyclohydrolase,mtc,3.5.4.9,"10-Formyltetrahydrofolate => 5,10-Methenyltetrahydrofolate + H2O",C00234 => C00445 + C00001,R01655,Vmax,F,,,22.4,µmol/min/mg,Homo Sapiens,"Pawelek et al., 2000, Biochimica et Biophysica Acta, Channeling efficiency in the bifunctional methylenetetrahydrofolate dehydrogenase/cyclohydrolase domain"
methenyltetrahydrofolate cyclohydrolase,mtc,3.5.4.9,"10-Formyltetrahydrofolate => 5,10-Methenyltetrahydrofolate + H2O",C00234 => C00445 + C00001,R01655,kcat,F,,,12.7,1/sec,Homo Sapiens,Calculated from Vmax and MW
methenyltetrahydrofolate cyclohydrolase,mtc,3.5.4.9,"10-Formyltetrahydrofolate => 5,10-Methenyltetrahydrofolate + H2O",C00234 => C00445 + C00001,R01655,kcat,B,,,134,1/sec,Homo Sapiens,"Pawelek et al., 2000, Biochimica et Biophysica Acta, Channeling efficiency in the bifunctional methylenetetrahydrofolate dehydrogenase/cyclohydrolase domain"
methenyltetrahydrofolate cyclohydrolase,mtc,3.5.4.9,"10-Formyltetrahydrofolate => 5,10-Methenyltetrahydrofolate + H2O",C00234 => C00445 + C00001,R01655,KM,F,10-Formyltetrahydrofolate,C00234,0.026,mM,Homo Sapiens,"Pawelek et al., 2000, Biochimica et Biophysica Acta, Channeling efficiency in the bifunctional methylenetetrahydrofolate dehydrogenase/cyclohydrolase domain"
methenyltetrahydrofolate cyclohydrolase,mtc,3.5.4.9,"10-Formyltetrahydrofolate => 5,10-Methenyltetrahydrofolate + H2O",C00234 => C00445 + C00001,R01655,KM,B,"5,10-Methenyltetrahydrofolate",C00445,0.025,mM,Homo Sapiens,"Pawelek et al., 2000, Biochimica et Biophysica Acta, Channeling efficiency in the bifunctional methylenetetrahydrofolate dehydrogenase/cyclohydrolase domain"
methylenetetrahydrofolate dehydrogenase,mtd,1.5.1.15,"5,10-Methenyltetrahydrofolate + NADH => 5,10-Methylenetetrahydrofolate + NAD+",C00445 + C00004 => C00143 + C00003,R01218,MW,,,,34,kDa,Homo Sapiens,"MacKenzie, 1997, Methods in Enzymology, Mitochondrial NAD-Dependent Methylenetetrahydrofolate Dehydrogenase-Methenyltetrahydrofolate Cyclohydrolase"
methylenetetrahydrofolate dehydrogenase,mtd,1.5.1.15,"5,10-Methenyltetrahydrofolate + NADH => 5,10-Methylenetetrahydrofolate + NAD+",C00445 + C00004 => C00143 + C00003,R01218,Vmax,B,,,44,µmol/min/mg,Homo Sapiens,"MacKenzie, 1997, Methods in Enzymology, Mitochondrial NAD-Dependent Methylenetetrahydrofolate Dehydrogenase-Methenyltetrahydrofolate Cyclohydrolase"
methylenetetrahydrofolate dehydrogenase,mtd,1.5.1.15,"5,10-Methenyltetrahydrofolate + NADH => 5,10-Methylenetetrahydrofolate + NAD+",C00445 + C00004 => C00143 + C00003,R01218,kcat,B,,,25,1/sec,Homo Sapiens,Calculated from Vmax and MW
methylenetetrahydrofolate dehydrogenase,mtd,1.5.1.15,"5,10-Methenyltetrahydrofolate + NADH => 5,10-Methylenetetrahydrofolate + NAD+",C00445 + C00004 => C00143 + C00003,R01218,kcat,F,,,25,1/sec,Homo Sapiens,Estimated as kcat for backward
methylenetetrahydrofolate dehydrogenase,mtd,1.5.1.15,"5,10-Methenyltetrahydrofolate + NADH => 5,10-Methylenetetrahydrofolate + NAD+",C00445 + C00004 => C00143 + C00003,R01218,KM,F,"5,10-Methenyltetrahydrofolate",C00445,0.096,mM,Homo Sapiens,"MacKenzie, 1997, Methods in Enzymology, Mitochondrial NAD-Dependent Methylenetetrahydrofolate Dehydrogenase-Methenyltetrahydrofolate Cyclohydrolase"
methylenetetrahydrofolate dehydrogenase,mtd,1.5.1.15,"5,10-Methenyltetrahydrofolate + NADH => 5,10-Methylenetetrahydrofolate + NAD+",C00445 + C00004 => C00143 + C00003,R01218,KM,B,"5,10-Methylenetetrahydrofolate",C00143 ,0.005,mM,Homo Sapiens,"MacKenzie, 1997, Methods in Enzymology, Mitochondrial NAD-Dependent Methylenetetrahydrofolate Dehydrogenase-Methenyltetrahydrofolate Cyclohydrolase"
methylenetetrahydrofolate dehydrogenase,mtd,1.5.1.15,"5,10-Methenyltetrahydrofolate + NADH => 5,10-Methylenetetrahydrofolate + NAD+",C00445 + C00004 => C00143 + C00003,R01218,KM,B,NAD+,C00003 ,0.132,mM,Homo Sapiens,"MacKenzie, 1997, Methods in Enzymology, Mitochondrial NAD-Dependent Methylenetetrahydrofolate Dehydrogenase-Methenyltetrahydrofolate Cyclohydrolase"
methylenetetrahydrofolate dehydrogenase,mtd,1.5.1.15,"5,10-Methenyltetrahydrofolate + NADH => 5,10-Methylenetetrahydrofolate + NAD+",C00445 + C00004 => C00143 + C00003,R01218,KM,F,NADH,C00004 ,0.132,mM,Homo Sapiens,Estimated as KM for NAD+
glycine hydroxymethyltransferase,ght,2.1.2.1,"5,10-Methylenetetrahydrofolate + Glycine + H2O <=> Tetrahydrofolate + L-Serine",C00143 + C00037 + C00001 => C00101 + C00065,R00945,MW,,,,45,kDa,Escherichia coli,"Zuo et al., 2007, Enzyme and Microbial Technology, Cloning, DNAshuffling and expression of serinehydroxymethyltransferasegene from EscherichiacolistrainAB90054"
glycine hydroxymethyltransferase,ght,2.1.2.1,"5,10-Methylenetetrahydrofolate + Glycine + H2O <=> Tetrahydrofolate + L-Serine",C00143 + C00037 + C00001 => C00101 + C00065,R00945,kcat,B,,,5,1/sec,Escherichia coli,"Fu et al., 2003, JBC, Role of Proline Residues in the Folding of Serine Hydroxymethyltransferase"
glycine hydroxymethyltransferase,ght,2.1.2.1,"5,10-Methylenetetrahydrofolate + Glycine + H2O <=> Tetrahydrofolate + L-Serine",C00143 + C00037 + C00001 => C00101 + C00065,R00945,kcat,F,,,5,1/sec,Escherichia coli,Estimated as kcat for backward
glycine hydroxymethyltransferase,ght,2.1.2.1,"5,10-Methylenetetrahydrofolate + Glycine + H2O <=> Tetrahydrofolate + L-Serine",C00143 + C00037 + C00001 => C00101 + C00065,R00945,KM,B,L-Serine,C00065,0.3,mM,Escherichia coli,"Fu et al., 2003, JBC, Role of Proline Residues in the Folding of Serine Hydroxymethyltransferase"
glycine hydroxymethyltransferase,ght,2.1.2.1,"5,10-Methylenetetrahydrofolate + Glycine + H2O <=> Tetrahydrofolate + L-Serine",C00143 + C00037 + C00001 => C00101 + C00065,R00945,KM,B,Tetrahydrofolate,C00101,0.015,mM,Escherichia coli,"Fu et al., 2003, JBC, Role of Proline Residues in the Folding of Serine Hydroxymethyltransferase"
glycine hydroxymethyltransferase,ght,2.1.2.1,"5,10-Methylenetetrahydrofolate + Glycine + H2O <=> Tetrahydrofolate + L-Serine",C00143 + C00037 + C00001 => C00101 + C00065,R00945,KM,B,Glycine,C00037,0.3,mM,Escherichia coli,Estimated as KM for L-serine
glycine hydroxymethyltransferase,ght,2.1.2.1,"5,10-Methylenetetrahydrofolate + Glycine + H2O <=> Tetrahydrofolate + L-Serine",C00143 + C00037 + C00001 => C00101 + C00065,R00945,KM,B,"5,10-Methylenetetrahydrofolate",C00143,0.015,mM,Escherichia coli,Estimated as KM for THF
serine-glyoxylate transaminase,sgt,2.6.1.45,L-Serine + Glyoxylate => Hydroxypyruvate + Glycine,C00065 + C00048 => C00168 + C00037,R00588,MW,,,,40,kDa,Hyphomicrobium methylovorum,"Hagishita et al., 1996, European Journal of Biochemistry, Cloning and Expression of the Gene for Serine–Glyoxylate Aminotransferase from an Obligate Methylotroph Hyphomicrobium Methylovorum GM2"
serine-glyoxylate transaminase,sgt,2.6.1.45,L-Serine + Glyoxylate => Hydroxypyruvate + Glycine,C00065 + C00048 => C00168 + C00037,R00588,Vmax,F,,,72,µmol/min/mg,Hyphomicrobium methylovorum,"Hagishita et al., 1996, European Journal of Biochemistry, Cloning and Expression of the Gene for Serine–Glyoxylate Aminotransferase from an Obligate Methylotroph Hyphomicrobium Methylovorum GM2"
serine-glyoxylate transaminase,sgt,2.6.1.45,L-Serine + Glyoxylate => Hydroxypyruvate + Glycine,C00065 + C00048 => C00168 + C00037,R00588,kcat,F,,,48,1/sec,Hyphomicrobium methylovorum,Calculated from Vmax and MW
serine-glyoxylate transaminase,sgt,2.6.1.45,L-Serine + Glyoxylate => Hydroxypyruvate + Glycine,C00065 + C00048 => C00168 + C00037,R00588,KM,F,L-Serine,C00065,3.86,mM,Hyphomicrobium methylovorum,"Hagishita et al., 1996, European Journal of Biochemistry, Cloning and Expression of the Gene for Serine–Glyoxylate Aminotransferase from an Obligate Methylotroph Hyphomicrobium Methylovorum GM2"
serine-glyoxylate transaminase,sgt,2.6.1.45,L-Serine + Glyoxylate => Hydroxypyruvate + Glycine,C00065 + C00048 => C00168 + C00037,R00588,KM,F,Glyoxylate,C00048,0.68,mM,Hyphomicrobium methylovorum,"Hagishita et al., 1996, European Journal of Biochemistry, Cloning and Expression of the Gene for Serine–Glyoxylate Aminotransferase from an Obligate Methylotroph Hyphomicrobium Methylovorum GM2"
serine-glyoxylate transaminase,sgt,2.6.1.45,L-Serine + Glyoxylate => Hydroxypyruvate + Glycine,C00065 + C00048 => C00168 + C00037,R00588,KM,B,Hydroxypyruvate,C00168,0.68,mM,Hyphomicrobium methylovorum,Estimated as KM for Glyoxylate
serine-glyoxylate transaminase,sgt,2.6.1.45,L-Serine + Glyoxylate => Hydroxypyruvate + Glycine,C00065 + C00048 => C00168 + C00037,R00588,KM,B,Glycine,C00037,3.86,mM,Hyphomicrobium methylovorum,Estimated as KM for L-serine
hydroxypyruvate reductase,hpr  ,1.1.1.81,Hydroxypyruvate + NADH => D-Glycerate + NAD+,C00168 + C00004 => C00258 + C00003,R01388,MW,,,,37,kDa,Methylobacterium extorquens AM1,"Chistoserdova et al., 1991, J. Bacteriol, Purification and characterization of hydroxypyruvate reductase from the facultative methylotroph Methylobacterium extorquens AM1"
hydroxypyruvate reductase,hpr  ,1.1.1.81,Hydroxypyruvate + NADH => D-Glycerate + NAD+,C00168 + C00004 => C00258 + C00003,R01388,Vmax,F,,,675,µmol/min/mg,Methylobacterium extorquens AM1,"Chistoserdova et al., 1991, J. Bacteriol, Purification and characterization of hydroxypyruvate reductase from the facultative methylotroph Methylobacterium extorquens AM1"
hydroxypyruvate reductase,hpr  ,1.1.1.81,Hydroxypyruvate + NADH => D-Glycerate + NAD+,C00168 + C00004 => C00258 + C00003,R01388,Vmax,kcat,,,416,1/sec,Methylobacterium extorquens AM1,Calculated from Vmax and MW
hydroxypyruvate reductase,hpr  ,1.1.1.81,Hydroxypyruvate + NADH => D-Glycerate + NAD+,C00168 + C00004 => C00258 + C00003,R01388,KM,F,Hydroxypyruvate,C00168,0.1,mM,Methylobacterium extorquens AM1,"Chistoserdova et al., 1991, J. Bacteriol, Purification and characterization of hydroxypyruvate reductase from the facultative methylotroph Methylobacterium extorquens AM1"
hydroxypyruvate reductase,hpr  ,1.1.1.81,Hydroxypyruvate + NADH => D-Glycerate + NAD+,C00168 + C00004 => C00258 + C00003,R01388,KM,F,NADH,C00004,0.04,mM,Methylobacterium extorquens AM1,"Chistoserdova et al., 1991, J. Bacteriol, Purification and characterization of hydroxypyruvate reductase from the facultative methylotroph Methylobacterium extorquens AM1"
hydroxypyruvate reductase,hpr  ,1.1.1.81,Hydroxypyruvate + NADH => D-Glycerate + NAD+,C00168 + C00004 => C00258 + C00003,R01388,KM,B,D-Glycerate,C00258,2.6,mM,Methylobacterium extorquens AM1,"Chistoserdova et al., 1991, J. Bacteriol, Purification and characterization of hydroxypyruvate reductase from the facultative methylotroph Methylobacterium extorquens AM1"
hydroxypyruvate reductase,hpr  ,1.1.1.81,Hydroxypyruvate + NADH => D-Glycerate + NAD+,C00168 + C00004 => C00258 + C00003,R01388,KM,B,NAD+,C00003,0.04,mM,Methylobacterium extorquens AM1,"Chistoserdova et al., 1991, J. Bacteriol, Purification and characterization of hydroxypyruvate reductase from the facultative methylotroph Methylobacterium extorquens AM1"
glycerate 2-kinase,g2k,2.7.1.165,D-Glycerate + ATP <=> 2-Phospho-D-glycerate + ADP,C00258 + C00002 => C00631 + C00008,R08572,MW,,,,45,kDa,Escherichia coli,"Bartsch et al., 2008, FEBS Letters, Only plant-type (GLYK) glycerate kinases produce D-glycerate 3-phosphate"
glycerate 2-kinase,g2k,2.7.1.165,D-Glycerate + ATP <=> 2-Phospho-D-glycerate + ADP,C00258 + C00002 => C00631 + C00008,R08572,Vmax,F,,,465,µmol/min/mg,Escherichia coli,"Bartsch et al., 2008, FEBS Letters, Only plant-type (GLYK) glycerate kinases produce D-glycerate 3-phosphate"
glycerate 2-kinase,g2k,2.7.1.165,D-Glycerate + ATP <=> 2-Phospho-D-glycerate + ADP,C00258 + C00002 => C00631 + C00008,R08572,kcat,F,,,348,1/sec,Escherichia coli,Calculated from Vmax and MW
glycerate 2-kinase,g2k,2.7.1.165,D-Glycerate + ATP <=> 2-Phospho-D-glycerate + ADP,C00258 + C00002 => C00631 + C00008,R08572,KM,F,D-Glycerate,C00258,0.086,mM,Escherichia coli,"Bartsch et al., 2008, FEBS Letters, Only plant-type (GLYK) glycerate kinases produce D-glycerate 3-phosphate"
glycerate 2-kinase,g2k,2.7.1.165,D-Glycerate + ATP <=> 2-Phospho-D-glycerate + ADP,C00258 + C00002 => C00631 + C00008,R08572,KM,F,ATP,C00002,0.121,mM,Escherichia coli,"Bartsch et al., 2008, FEBS Letters, Only plant-type (GLYK) glycerate kinases produce D-glycerate 3-phosphate"
glycerate 2-kinase,g2k,2.7.1.165,D-Glycerate + ATP <=> 2-Phospho-D-glycerate + ADP,C00258 + C00002 => C00631 + C00008,R08572,KM,B,2-Phospho-D-glycerate,C00631,0.086,mM,Escherichia coli,Estimated as KM for D-Glycerate
glycerate 2-kinase,g2k,2.7.1.165,D-Glycerate + ATP <=> 2-Phospho-D-glycerate + ADP,C00258 + C00002 => C00631 + C00008,R08572,KM,B,ADP,C00008,0.121,mM,Escherichia coli,Estimated as KM for ADP
phosphopyruvate hydratase,pph,4.2.1.11,2-Phospho-D-glycerate <=> Phosphoenolpyruvate + H2O,C00631 => C00074 + C00001,R00658,MW,,,,46.5,kDa,Saccharomyces cerevisiae,"Sims et al., 2006, Journal of Molecular Biology, Structure and Catalytic Properties of an Engineered Heterodimer of Enolase Composed of One Active and One Inactive Subunit"
phosphopyruvate hydratase,pph,4.2.1.11,2-Phospho-D-glycerate <=> Phosphoenolpyruvate + H2O,C00631 => C00074 + C00001,R00658,kcat,F,,,58,1/sec,Saccharomyces cerevisiae,"Sims et al., 2006, Journal of Molecular Biology, Structure and Catalytic Properties of an Engineered Heterodimer of Enolase Composed of One Active and One Inactive Subunit"
phosphopyruvate hydratase,pph,4.2.1.11,2-Phospho-D-glycerate <=> Phosphoenolpyruvate + H2O,C00631 => C00074 + C00001,R00658,KM,F,2-Phospho-D-glycerate,C00631,0.043,mM,Saccharomyces cerevisiae,"Sims et al., 2006, Journal of Molecular Biology, Structure and Catalytic Properties of an Engineered Heterodimer of Enolase Composed of One Active and One Inactive Subunit"
phosphopyruvate hydratase,pph,4.2.1.11,2-Phospho-D-glycerate <=> Phosphoenolpyruvate + H2O,C00631 => C00074 + C00001,R00658,KM,B,Phosphoenolpyruvate,C00074,0.043,mM,Saccharomyces cerevisiae,Estimated as KM for 2-Phospho-D-glycerate
phosphoenolpyruvate carboxylase,pepc,4.1.1.31,H2O + Phosphoenolpyruvate + HCO3- => Orthophosphate + Oxaloacetate,C00001 + C00074 + C00288 => C00009 + C00036,R00345,MW,,,,100,kDa,Escherichia coli,"estimate according to Kai et al., 1999, PNAS, Three-dimensional structure of phosphoenolpyruvate carboxylase: A proposed mechanism for allosteric inhibition"
phosphoenolpyruvate carboxylase,pepc,4.1.1.31,H2O + Phosphoenolpyruvate + HCO3- => Orthophosphate + Oxaloacetate,C00001 + C00074 + C00288 => C00009 + C00036,R00345,kcat,F,,,150,1/sec,Escherichia coli,"Kai et al., 1999, PNAS, Three-dimensional structure of phosphoenolpyruvate carboxylase: A proposed mechanism for allosteric inhibition"
phosphoenolpyruvate carboxylase,pepc,4.1.1.31,H2O + Phosphoenolpyruvate + HCO3- => Orthophosphate + Oxaloacetate,C00001 + C00074 + C00288 => C00009 + C00036,R00345,KM,F,Phosphoenolpyruvate,C00074,0.19,mM,Escherichia coli,"Kai et al., 1999, PNAS, Three-dimensional structure of phosphoenolpyruvate carboxylase: A proposed mechanism for allosteric inhibition"
phosphoenolpyruvate carboxylase,pepc,4.1.1.31,H2O + Phosphoenolpyruvate + HCO3- => Orthophosphate + Oxaloacetate,C00001 + C00074 + C00288 => C00009 + C00036,R00345,KM,F,HCO3-,C00288,0.1,mM,Escherichia coli,"Kai et al., 1999, PNAS, Three-dimensional structure of phosphoenolpyruvate carboxylase: A proposed mechanism for allosteric inhibition"
phosphoenolpyruvate carboxylase,pepc,4.1.1.31,H2O + Phosphoenolpyruvate + HCO3- => Orthophosphate + Oxaloacetate,C00001 + C00074 + C00288 => C00009 + C00036,R00345,KM,B,Oxaloacetate,C00036,0.19,mM,Escherichia coli,Estimated as KM for Phosphoenolpyruvate
phosphoenolpyruvate carboxylase,pepc,4.1.1.31,H2O + Phosphoenolpyruvate + HCO3- => Orthophosphate + Oxaloacetate,C00001 + C00074 + C00288 => C00009 + C00036,R00345,KM,B,Orthophosphate,C00009,5,mM,Escherichia coli,General estimate
malate dehydrogenase,mdh,1.1.1.37,Oxaloacetate + NADH => (S)-Malate + NAD+,C00036 + C00004 => C00149 + C00003,R00342,MW,,,,33,kDa,Escherichia coli,Many sources
malate dehydrogenase,mdh,1.1.1.37,Oxaloacetate + NADH => (S)-Malate + NAD+,C00036 + C00004 => C00149 + C00003,R00342,kcat,F,,,900,1/sec,Escherichia coli,"Muslin et al., 1995, Biophysical Journal, Engineering a domain-locking disulfide into a bacterial malate dehydrogenase produces a redox-sensitive enzyme"
malate dehydrogenase,mdh,1.1.1.37,Oxaloacetate + NADH => (S)-Malate + NAD+,C00036 + C00004 => C00149 + C00003,R00342,kcat,B,,,21,1/sec,Escherichia coli,"Muslin et al., 1995, Biophysical Journal, Engineering a domain-locking disulfide into a bacterial malate dehydrogenase produces a redox-sensitive enzyme"
malate dehydrogenase,mdh,1.1.1.37,Oxaloacetate + NADH => (S)-Malate + NAD+,C00036 + C00004 => C00149 + C00003,R00342,KM,F,Oxaloacetate,C00036,0.049,mM,Escherichia coli,"Muslin et al., 1995, Biophysical Journal, Engineering a domain-locking disulfide into a bacterial malate dehydrogenase produces a redox-sensitive enzyme"
malate dehydrogenase,mdh,1.1.1.37,Oxaloacetate + NADH => (S)-Malate + NAD+,C00036 + C00004 => C00149 + C00003,R00342,KM,F,NADH,C00004,0.061,mM,Escherichia coli,"Muslin et al., 1995, Biophysical Journal, Engineering a domain-locking disulfide into a bacterial malate dehydrogenase produces a redox-sensitive enzyme"
malate dehydrogenase,mdh,1.1.1.37,Oxaloacetate + NADH => (S)-Malate + NAD+,C00036 + C00004 => C00149 + C00003,R00342,KM,B,(S)-Malate,C00149,2.6,mM,Escherichia coli,"Muslin et al., 1995, Biophysical Journal, Engineering a domain-locking disulfide into a bacterial malate dehydrogenase produces a redox-sensitive enzyme"
malate dehydrogenase,mdh,1.1.1.37,Oxaloacetate + NADH => (S)-Malate + NAD+,C00036 + C00004 => C00149 + C00003,R00342,KM,B,NAD+,C00003,0.26,mM,Escherichia coli,"Muslin et al., 1995, Biophysical Journal, Engineering a domain-locking disulfide into a bacterial malate dehydrogenase produces a redox-sensitive enzyme"
malate-CoA ligase,mcl,6.2.1.9,ATP + (S)-Malate + CoA <=> ADP + Orthophosphate + (S)-Malyl-CoA,C00002 + C00149 + C00010 => C00008 + C00009 + C04348,R01256,MW,,,,76.5,kDa,Pseudomonas MA,"Elwell et al., 1979, J. Biol. Chem., Substrate-dependent dissociation of malate thiokinase"
malate-CoA ligase,mcl,6.2.1.9,ATP + (S)-Malate + CoA <=> ADP + Orthophosphate + (S)-Malyl-CoA,C00002 + C00149 + C00010 => C00008 + C00009 + C04348,R01256,Vmax,F,,,7.4,µmol/min/mg,Pseudomonas MA,"Elwell et al., 1979, J. Biol. Chem., Substrate-dependent dissociation of malate thiokinase"
malate-CoA ligase,mcl,6.2.1.9,ATP + (S)-Malate + CoA <=> ADP + Orthophosphate + (S)-Malyl-CoA,C00002 + C00149 + C00010 => C00008 + C00009 + C04348,R01256,kcat,F,,,9.4,1/sec,Pseudomonas MA,Calculated from Vmax and MW
malate-CoA ligase,mcl,6.2.1.9,ATP + (S)-Malate + CoA <=> ADP + Orthophosphate + (S)-Malyl-CoA,C00002 + C00149 + C00010 => C00008 + C00009 + C04348,R01256,KM,F,ATP,C00002,0.38,mM,Pseudomonas MA,"Hersh, 1974, J. Bilo. Chem., Malate thiokinase. The reaction mechanism as determined by initial rate studies"
malate-CoA ligase,mcl,6.2.1.9,ATP + (S)-Malate + CoA <=> ADP + Orthophosphate + (S)-Malyl-CoA,C00002 + C00149 + C00010 => C00008 + C00009 + C04348,R01256,KM,F,(S)-Malate ,C00149,0.39,mM,Pseudomonas MA,"Hersh, 1974, J. Bilo. Chem., Malate thiokinase. The reaction mechanism as determined by initial rate studies"
malate-CoA ligase,mcl,6.2.1.9,ATP + (S)-Malate + CoA <=> ADP + Orthophosphate + (S)-Malyl-CoA,C00002 + C00149 + C00010 => C00008 + C00009 + C04348,R01256,KM,F,CoA,C00010,0.058,mM,Pseudomonas MA,"Hersh, 1974, J. Bilo. Chem., Malate thiokinase. The reaction mechanism as determined by initial rate studies"
malate-CoA ligase,mcl,6.2.1.9,ATP + (S)-Malate + CoA <=> ADP + Orthophosphate + (S)-Malyl-CoA,C00002 + C00149 + C00010 => C00008 + C00009 + C04348,R01256,KM,B,ADP,C00008,0.38,mM,Pseudomonas MA,Estimated as KM for ATP
malate-CoA ligase,mcl,6.2.1.9,ATP + (S)-Malate + CoA <=> ADP + Orthophosphate + (S)-Malyl-CoA,C00002 + C00149 + C00010 => C00008 + C00009 + C04348,R01256,KM,B,Orthophosphate,C00009,5,mM,Pseudomonas MA,General estimate
malate-CoA ligase,mcl,6.2.1.9,ATP + (S)-Malate + CoA <=> ADP + Orthophosphate + (S)-Malyl-CoA,C00002 + C00149 + C00010 => C00008 + C00009 + C04348,R01256,KM,B,(S)-Malyl-CoA,C04348,0.39,mM,Pseudomonas MA,Estimated as KM for (S)-Malate
malyl-CoA lyase,mycl ,4.1.3.24,(S)-Malyl-CoA <=> Acetyl-CoA + Glyoxylate,C04348 => C00024 + C00048,R00473,MW,,,,190,kDa,Pseudomonas AM1,"Hacking et al., 1974, Biochem. J., Purification and properties of malyl-coenzyme A lyase from Pseudomonas AM1 "
malyl-CoA lyase,mycl ,4.1.3.24,(S)-Malyl-CoA <=> Acetyl-CoA + Glyoxylate,C04348 => C00024 + C00048,R00473,Vmax,F,,,28.1,µmol/min/mg,Pseudomonas AM1,"Hacking et al., 1974, Biochem. J., Purification and properties of malyl-coenzyme A lyase from Pseudomonas AM1 "
malyl-CoA lyase,mycl ,4.1.3.24,(S)-Malyl-CoA <=> Acetyl-CoA + Glyoxylate,C04348 => C00024 + C00048,R00473,kcat,F,,,89,1/sec,Pseudomonas AM1,Calculated from Vmax and MW
malyl-CoA lyase,mycl ,4.1.3.24,(S)-Malyl-CoA <=> Acetyl-CoA + Glyoxylate,C04348 => C00024 + C00048,R00473,KM,F,(S)-Malyl-CoA,C04348,0.066,mM,Pseudomonas AM1,"Hacking et al., 1974, Biochem. J., Purification and properties of malyl-coenzyme A lyase from Pseudomonas AM1 "
malyl-CoA lyase,mycl ,4.1.3.24,(S)-Malyl-CoA <=> Acetyl-CoA + Glyoxylate,C04348 => C00024 + C00048,R00473,KM,B,Acetyl-CoA,C00024,0.015,mM,Pseudomonas AM1,"Hacking et al., 1974, Biochem. J., Purification and properties of malyl-coenzyme A lyase from Pseudomonas AM1 "
malyl-CoA lyase,mycl ,4.1.3.24,(S)-Malyl-CoA <=> Acetyl-CoA + Glyoxylate,C04348 => C00024 + C00048,R00473,KM,B,Glyoxylate,C00048,1.7,mM,Pseudomonas AM1,"Hacking et al., 1974, Biochem. J., Purification and properties of malyl-coenzyme A lyase from Pseudomonas AM1 "
L-serine ammonia-lyase,sal,4.3.1.17,L-Serine <=> Pyruvate + NH3,C00065 => C00022 + C00014,R00220,MW,,,,51,kDa,Escherichia coli,"Cicchillo et al., 2004, J. Biol. Chem., Escherichia coli L-serine deaminase requires a [4Fe-4S] cluster in catalysis"
L-serine ammonia-lyase,sal,4.3.1.17,L-Serine <=> Pyruvate + NH3,C00065 => C00022 + C00014,R00220,kcat,F,,,436,1/sec,Escherichia coli,"Cicchillo et al., 2004, J. Biol. Chem., Escherichia coli L-serine deaminase requires a [4Fe-4S] cluster in catalysis"
L-serine ammonia-lyase,sal,4.3.1.17,L-Serine <=> Pyruvate + NH3,C00065 => C00022 + C00014,R00220,KM,F,L-Serine,C00065,2.67,mM,Escherichia coli,"Cicchillo et al., 2004, J. Biol. Chem., Escherichia coli L-serine deaminase requires a [4Fe-4S] cluster in catalysis"
L-serine ammonia-lyase,sal,4.3.1.17,L-Serine <=> Pyruvate + NH3,C00065 => C00022 + C00014,R00220,KM,B,Pyruvate,C00022,2.67,mM,Escherichia coli,Estimated as KM for L-Serine
L-serine ammonia-lyase,sal,4.3.1.17,L-Serine <=> Pyruvate + NH3,C00065 => C00022 + C00014,R00220,KM,B,NH3,C00014,5,mM,Escherichia coli,General estimate
"pyruvate, water dikinase",pwdk,2.7.9.2,ATP + Pyruvate + H2O <=> AMP + Phosphoenolpyruvate + Orthophosphate,C00002 + C00022 + C00001 <=> C00020 + C00074 + C00009,R00199,MW,,,,75,kDa,Escherichia coli,"Narindrasorasak et al., 1977, J. Bilo. Chem., Phosphoenolypyruvate synthetase of Escherichia coli: molecular weight, subunit composition, and identification of phosphohistidine in phosphoenzyme intermediate"
"pyruvate, water dikinase",pwdk,2.7.9.2,ATP + Pyruvate + H2O <=> AMP + Phosphoenolpyruvate + Orthophosphate,C00002 + C00022 + C00001 <=> C00020 + C00074 + C00009,R00199,Vmax,F,,,8.9,µmol/min/mg,Escherichia coli,"Berman et al., 1970, J. Biol. Chem., Phosphoenolpyruvate synthetase of Escherichia coli. Purification, some properties, and the role of divalent metal ions"
"pyruvate, water dikinase",pwdk,2.7.9.2,ATP + Pyruvate + H2O <=> AMP + Phosphoenolpyruvate + Orthophosphate,C00002 + C00022 + C00001 <=> C00020 + C00074 + C00009,R00199,kcat,F,,,11.1,1/sec,Escherichia coli,Calculated from Vmax and MW
"pyruvate, water dikinase",pwdk,2.7.9.2,ATP + Pyruvate + H2O <=> AMP + Phosphoenolpyruvate + Orthophosphate,C00002 + C00022 + C00001 <=> C00020 + C00074 + C00009,R00199,KM,F,ATP,C00002,0.028,mM,Escherichia coli,"Berman et al., 1970, J. Biol. Chem., Phosphoenolpyruvate synthetase of Escherichia coli. Purification, some properties, and the role of divalent metal ions"
"pyruvate, water dikinase",pwdk,2.7.9.2,ATP + Pyruvate + H2O <=> AMP + Phosphoenolpyruvate + Orthophosphate,C00002 + C00022 + C00001 <=> C00020 + C00074 + C00009,R00199,KM,F,Pyruvate,C00022,0.02,mM,Escherichia coli,"Berman et al., 1970, J. Biol. Chem., Phosphoenolpyruvate synthetase of Escherichia coli. Purification, some properties, and the role of divalent metal ions"
"pyruvate, water dikinase",pwdk,2.7.9.2,ATP + Pyruvate + H2O <=> AMP + Phosphoenolpyruvate + Orthophosphate,C00002 + C00022 + C00001 <=> C00020 + C00074 + C00009,R00199,KM,B,AMP,C00020,0.028,mM,Escherichia coli,Estimated as KM for ATP
"pyruvate, water dikinase",pwdk,2.7.9.2,ATP + Pyruvate + H2O <=> AMP + Phosphoenolpyruvate + Orthophosphate,C00002 + C00022 + C00001 <=> C00020 + C00074 + C00009,R00199,KM,B,Phosphoenolpyruvate,C00074,0.02,mM,Escherichia coli,Estimated as KM for Pyruvate
"pyruvate, water dikinase",pwdk,2.7.9.2,ATP + Pyruvate + H2O <=> AMP + Phosphoenolpyruvate + Orthophosphate,C00002 + C00022 + C00001 <=> C00020 + C00074 + C00009,R00199,KM,B,Orthophosphate,C00009,5,mM,Escherichia coli,General estimate
glycine dehydrogenase,gycdh,1.4.1.10,Glyoxylate + NH3 + NADH <=> Glycine + H2O + NAD+,C00048 + C00014 + C00004 => C00037 + C00001 + C00003,R00365,MW,,,,60,kDa,Mycobacterium tuberculosis,General average
glycine dehydrogenase,gycdh,1.4.1.10,Glyoxylate + NH3 + NADH <=> Glycine + H2O + NAD+,C00048 + C00014 + C00004 => C00037 + C00001 + C00003,R00365,Vmax,F,,,7.25,µmol/min/mg,Mycobacterium tuberculosis,"Goldman et al., 1962, Biochimica et Biophysica Acta, Enzyme systems in the mycobacteria XIII. Glycine dehydrogenase and the glyoxylic acid cycle"
glycine dehydrogenase,gycdh,1.4.1.10,Glyoxylate + NH3 + NADH <=> Glycine + H2O + NAD+,C00048 + C00014 + C00004 => C00037 + C00001 + C00003,R00365,kcat,F,,,7.25,1/sec,Mycobacterium tuberculosis,Calculated from Vmax and MW
glycine dehydrogenase,gycdh,1.4.1.10,Glyoxylate + NH3 + NADH <=> Glycine + H2O + NAD+,C00048 + C00014 + C00004 => C00037 + C00001 + C00003,R00365,KM,F,Glyoxylate,C00048,5.4,mM,Mycobacterium tuberculosis,"Wayne et al., 1982, Infect. Immun., Glyoxylate metabolism and adaptation of Mycobacterium tuberculosis to survival under anaerobic conditions"
glycine dehydrogenase,gycdh,1.4.1.10,Glyoxylate + NH3 + NADH <=> Glycine + H2O + NAD+,C00048 + C00014 + C00004 => C00037 + C00001 + C00003,R00365,KM,F,NH3,C00014,120,mM,Mycobacterium tuberculosis,"Wayne et al., 1982, Infect. Immun., Glyoxylate metabolism and adaptation of Mycobacterium tuberculosis to survival under anaerobic conditions"
glycine dehydrogenase,gycdh,1.4.1.10,Glyoxylate + NH3 + NADH <=> Glycine + H2O + NAD+,C00048 + C00014 + C00004 => C00037 + C00001 + C00003,R00365,KM,F,NADH,C00004,0.0087,mM,Mycobacterium tuberculosis,"Wayne et al., 1982, Infect. Immun., Glyoxylate metabolism and adaptation of Mycobacterium tuberculosis to survival under anaerobic conditions"
glycine dehydrogenase,gycdh,1.4.1.10,Glyoxylate + NH3 + NADH <=> Glycine + H2O + NAD+,C00048 + C00014 + C00004 => C00037 + C00001 + C00003,R00365,KM,B,Glycine,C00037,5.4,mM,Mycobacterium tuberculosis,Estimated as KM for Glyoxylate
glycine dehydrogenase,gycdh,1.4.1.10,Glyoxylate + NH3 + NADH <=> Glycine + H2O + NAD+,C00048 + C00014 + C00004 => C00037 + C00001 + C00003,R00365,KM,B,NAD+,C00003,0.0087,mM,Mycobacterium tuberculosis,Estimated as KM for NADH
methylenetetrahydrofolate formaldehyde lyase,mfl,x.x.x.x,"5,10-Methylenetetrahydrofolate <=> Tetrahydrofolate + Formaldehyde",C00143 => C00101 + C00067,NaN,MW,,,,0,kDa,,
3-Hexulosephosphate synthase,hps,4.1.2.43,D-Ribulose 5-phosphate + Formaldehyde <=> D-arabino-Hex-3-ulose 6-phosphate,C00199 + C00067 => C06019,R05338,MW,,,,23,kDa,Methylomonas aminofaciens,"Kato et al., 2006, Bioscience, Biotechnology, and Biochemistry, The Physiological Role of the Ribulose Monophosphate Pathway in Bacteria and Archaea"
3-Hexulosephosphate synthase,hps,4.1.2.43,D-Ribulose 5-phosphate + Formaldehyde <=> D-arabino-Hex-3-ulose 6-phosphate,C00199 + C00067 => C06019,R05338,Vmax,F,,,53,µmol/min/mg,Methylomonas aminofaciens,"Kato et al., 2006, Bioscience, Biotechnology, and Biochemistry, The Physiological Role of the Ribulose Monophosphate Pathway in Bacteria and Archaea"
3-Hexulosephosphate synthase,hps,4.1.2.43,D-Ribulose 5-phosphate + Formaldehyde <=> D-arabino-Hex-3-ulose 6-phosphate,C00199 + C00067 => C06019,R05338,kcat,F,,,20.3,1/sec,Methylomonas aminofaciens,Calculated from Vmax and MW
3-Hexulosephosphate synthase,hps,4.1.2.43,D-Ribulose 5-phosphate + Formaldehyde <=> D-arabino-Hex-3-ulose 6-phosphate,C00199 + C00067 => C06019,R05338,KM,F,D-Ribulose 5-phosphate,C00199,0.059,mM,Methylomonas aminofaciens,"Kato et al., 2006, Bioscience, Biotechnology, and Biochemistry, The Physiological Role of the Ribulose Monophosphate Pathway in Bacteria and Archaea"
3-Hexulosephosphate synthase,hps,4.1.2.43,D-Ribulose 5-phosphate + Formaldehyde <=> D-arabino-Hex-3-ulose 6-phosphate,C00199 + C00067 => C06019,R05338,KM,F,Formaldehyde,C00067,0.29,mM,Methylomonas aminofaciens,"Kato et al., 2006, Bioscience, Biotechnology, and Biochemistry, The Physiological Role of the Ribulose Monophosphate Pathway in Bacteria and Archaea"
3-Hexulosephosphate synthase,hps,4.1.2.43,D-Ribulose 5-phosphate + Formaldehyde <=> D-arabino-Hex-3-ulose 6-phosphate,C00199 + C00067 => C06019,R05338,KM,B,D-arabino-Hex-3-ulose 6-phosphate,C06019,0.059,mM,Methylomonas aminofaciens,Estimated as KM for D-Ribulose 5-phosphate
6-phospho-3-hexuloisomerase,phi,5.3.1.27,D-arabino-Hex-3-ulose 6-phosphate <=> D-Fructose 6-phosphate,C06019 => C00085,R05339,MW,,,,"67,000",kDa,Methylococcus capsulatus,"Stroem et al., 1974, Biochem. J., Purification and properties of 3-hexulose phosphate synthase and phospho-3-hexuloisomerase from Methylococcus capsulatus"
6-phospho-3-hexuloisomerase,phi,5.3.1.27,D-arabino-Hex-3-ulose 6-phosphate <=> D-Fructose 6-phosphate,C06019 => C00085,R05339,Vmax,F,,,1560,µmol/min/mg,Methylococcus capsulatus,"Stroem et al., 1974, Biochem. J., Purification and properties of 3-hexulose phosphate synthase and phospho-3-hexuloisomerase from Methylococcus capsulatus"
6-phospho-3-hexuloisomerase,phi,5.3.1.27,D-arabino-Hex-3-ulose 6-phosphate <=> D-Fructose 6-phosphate,C06019 => C00085,R05339,kcat,F,,,1742,1/sec,Methylococcus capsulatus,Calculated from Vmax and MW
6-phospho-3-hexuloisomerase,phi,5.3.1.27,D-arabino-Hex-3-ulose 6-phosphate <=> D-Fructose 6-phosphate,C06019 => C00085,R05339,KM,F,D-arabino-Hex-3-ulose 6-phosphate,C06019,0.1,mM,Methylococcus capsulatus,"Stroem et al., 1974, Biochem. J., Purification and properties of 3-hexulose phosphate synthase and phospho-3-hexuloisomerase from Methylococcus capsulatus"
6-phospho-3-hexuloisomerase,phi,5.3.1.27,D-arabino-Hex-3-ulose 6-phosphate <=> D-Fructose 6-phosphate,C06019 => C00085,R05339,KM,B,D-Fructose 6-phosphate,C00085,1.1,mM,Methylococcus capsulatus,"Stroem et al., 1974, Biochem. J., Purification and properties of 3-hexulose phosphate synthase and phospho-3-hexuloisomerase from Methylococcus capsulatus"
6-phosphofructokinase,pfk,2.7.1.11,"ATP + D-Fructose 6-phosphate <=> ADP + D-Fructose 1,6-bisphosphate",C00002 + C00085 => C00008 + C00354,R00756,MW,,,,35,kDa,Escherichia coli,Many sources
6-phosphofructokinase,pfk,2.7.1.11,"ATP + D-Fructose 6-phosphate <=> ADP + D-Fructose 1,6-bisphosphate",C00002 + C00085 => C00008 + C00354,R00756,kcat,F,,,167,1/sec,Escherichia coli,"Zheng et al., 1995, Biochemical and Biophysical Research Communications, Phosphofructo-1-kinase: Role of Charge Neutralization in the Active Site"
6-phosphofructokinase,pfk,2.7.1.11,"ATP + D-Fructose 6-phosphate <=> ADP + D-Fructose 1,6-bisphosphate",C00002 + C00085 => C00008 + C00354,R00756,KM,F,ATP,C00002,0.2,mM,Escherichia coli,"Zheng et al., 1995, Biochemical and Biophysical Research Communications, Phosphofructo-1-kinase: Role of Charge Neutralization in the Active Site"
6-phosphofructokinase,pfk,2.7.1.11,"ATP + D-Fructose 6-phosphate <=> ADP + D-Fructose 1,6-bisphosphate",C00002 + C00085 => C00008 + C00354,R00756,KM,F,D-Fructose 6-phosphate,C00085,0.16,mM,Escherichia coli,"Zheng et al., 1995, Biochemical and Biophysical Research Communications, Phosphofructo-1-kinase: Role of Charge Neutralization in the Active Site"
6-phosphofructokinase,pfk,2.7.1.11,"ATP + D-Fructose 6-phosphate <=> ADP + D-Fructose 1,6-bisphosphate",C00002 + C00085 => C00008 + C00354,R00756,KM,B,ADP,C00008,0.2,mM,Escherichia coli,Estimated as KM for ATP
6-phosphofructokinase,pfk,2.7.1.11,"ATP + D-Fructose 6-phosphate <=> ADP + D-Fructose 1,6-bisphosphate",C00002 + C00085 => C00008 + C00354,R00756,KM,B,"D-Fructose 1,6-bisphosphate",C00354,0.16,mM,Escherichia coli,Estimated as KM for D-Fructose 6-phosphate
Fructose-bisphosphate aldolase,fba,4.1.2.13,"D-Fructose 1,6-bisphosphate <=> Glycerone phosphate + D-Glyceraldehyde 3-phosphate",C00354 => C00111 + C00118,R01068,MW,,,,31,kDa,Escherichia coli,"Zgiby et al., 2000, European Journal of Biochemistry, Exploring substrate binding and discrimination in fructose 1,6-bisphosphate and tagatose 1,6-bisphosphate aldolases"
Fructose-bisphosphate aldolase,fba,4.1.2.13,"D-Fructose 1,6-bisphosphate <=> Glycerone phosphate + D-Glyceraldehyde 3-phosphate",C00354 => C00111 + C00118,R01068,kcat,F,,,10.5,1/sec,Escherichia coli,"Zgiby et al., 2000, European Journal of Biochemistry, Exploring substrate binding and discrimination in fructose 1,6-bisphosphate and tagatose 1,6-bisphosphate aldolases"
Fructose-bisphosphate aldolase,fba,4.1.2.13,"D-Fructose 1,6-bisphosphate <=> Glycerone phosphate + D-Glyceraldehyde 3-phosphate",C00354 => C00111 + C00118,R01068,kcat,B,,,10.5,1/sec,Escherichia coli,Estimated as kcat for forward
Fructose-bisphosphate aldolase,fba,4.1.2.13,"D-Fructose 1,6-bisphosphate <=> Glycerone phosphate + D-Glyceraldehyde 3-phosphate",C00354 => C00111 + C00118,R01068,KM,F,"D-Fructose 1,6-bisphosphate",C00354,0.17,mM,Escherichia coli,"Zgiby et al., 2000, European Journal of Biochemistry, Exploring substrate binding and discrimination in fructose 1,6-bisphosphate and tagatose 1,6-bisphosphate aldolases"
Fructose-bisphosphate aldolase,fba,4.1.2.13,"D-Fructose 1,6-bisphosphate <=> Glycerone phosphate + D-Glyceraldehyde 3-phosphate",C00354 => C00111 + C00118,R01068,KM,B,Glycerone phosphate ,C00111,0.13,mM,Escherichia coli,"estimated according to Zgiby et al., 2000, European Journal of Biochemistry, Exploring substrate binding and discrimination in fructose 1,6-bisphosphate and tagatose 1,6-bisphosphate aldolases"
Fructose-bisphosphate aldolase,fba,4.1.2.13,"D-Fructose 1,6-bisphosphate <=> Glycerone phosphate + D-Glyceraldehyde 3-phosphate",C00354 => C00111 + C00118,R01068,KM,B,D-Glyceraldehyde 3-phosphate,C00118,0.23,mM,Escherichia coli,"estimated according to Zgiby et al., 2000, European Journal of Biochemistry, Exploring substrate binding and discrimination in fructose 1,6-bisphosphate and tagatose 1,6-bisphosphate aldolases"
Fructose-bisphosphate aldolase,fba_b,4.1.2.13,"Glycerone phosphate + D-Glyceraldehyde 3-phosphate <=> D-Fructose 1,6-bisphosphate",C00354 => C00111 + C00118,R01068,MW,,,,31,kDa,Escherichia coli,"Zgiby et al., 2000, European Journal of Biochemistry, Exploring substrate binding and discrimination in fructose 1,6-bisphosphate and tagatose 1,6-bisphosphate aldolases"
Fructose-bisphosphate aldolase,fba_b,4.1.2.13,"Glycerone phosphate + D-Glyceraldehyde 3-phosphate <=> D-Fructose 1,6-bisphosphate",C00354 => C00111 + C00118,R01068,kcat,B,,,10.5,1/sec,Escherichia coli,"Zgiby et al., 2000, European Journal of Biochemistry, Exploring substrate binding and discrimination in fructose 1,6-bisphosphate and tagatose 1,6-bisphosphate aldolases"
Fructose-bisphosphate aldolase,fba_b,4.1.2.13,"Glycerone phosphate + D-Glyceraldehyde 3-phosphate <=> D-Fructose 1,6-bisphosphate",C00354 => C00111 + C00118,R01068,kcat,F,,,10.5,1/sec,Escherichia coli,Estimated as kcat for forward
Fructose-bisphosphate aldolase,fba_b,4.1.2.13,"Glycerone phosphate + D-Glyceraldehyde 3-phosphate <=> D-Fructose 1,6-bisphosphate",C00354 => C00111 + C00118,R01068,KM,B,"D-Fructose 1,6-bisphosphate",C00354,0.17,mM,Escherichia coli,"Zgiby et al., 2000, European Journal of Biochemistry, Exploring substrate binding and discrimination in fructose 1,6-bisphosphate and tagatose 1,6-bisphosphate aldolases"
Fructose-bisphosphate aldolase,fba_b,4.1.2.13,"Glycerone phosphate + D-Glyceraldehyde 3-phosphate <=> D-Fructose 1,6-bisphosphate",C00354 => C00111 + C00118,R01068,KM,F,Glycerone phosphate ,C00111,0.13,mM,Escherichia coli,"estimated according to Zgiby et al., 2000, European Journal of Biochemistry, Exploring substrate binding and discrimination in fructose 1,6-bisphosphate and tagatose 1,6-bisphosphate aldolases"
Fructose-bisphosphate aldolase,fba_b,4.1.2.13,"Glycerone phosphate + D-Glyceraldehyde 3-phosphate <=> D-Fructose 1,6-bisphosphate",C00354 => C00111 + C00118,R01068,KM,F,D-Glyceraldehyde 3-phosphate,C00118,0.23,mM,Escherichia coli,"estimated according to Zgiby et al., 2000, European Journal of Biochemistry, Exploring substrate binding and discrimination in fructose 1,6-bisphosphate and tagatose 1,6-bisphosphate aldolases"
Triose-phosphate isomerase,tim,5.3.1.1,Glycerone phosphate <=> D-Glyceraldehyde 3-phosphate,C00111 => C00118,R01015,MW,,,,27.5,kDa,Escherichia coli,"Pichersky et al., 1984, Molecular and General Genetics MGG, Nucleotide sequence of the triose phosphate isomerase gene of Escherichia coli"
Triose-phosphate isomerase,tim,5.3.1.1,Glycerone phosphate <=> D-Glyceraldehyde 3-phosphate,C00111 => C00118,R01015,kcat,F,,,9000,1/sec,Escherichia coli,Estimated as kcat for the backward direction
Triose-phosphate isomerase,tim,5.3.1.1,Glycerone phosphate <=> D-Glyceraldehyde 3-phosphate,C00111 => C00118,R01015,kcat,B,,,9000,1/sec,Escherichia coli,"Alvarez et al., 1998, THE JOURNAL OF BIOLOGICAL CHEMISTRY, Triose-phosphate Isomerase (TIM) of the Psychrophilic Bacterium Vibrio marinus"
Triose-phosphate isomerase,tim,5.3.1.1,Glycerone phosphate <=> D-Glyceraldehyde 3-phosphate,C00111 => C00118,R01015,KM,F,Glycerone phosphate,C00111,1,mM,Escherichia coli,Estimated as KM for D-Glyceraldehyde 3-phosphate
Triose-phosphate isomerase,tim,5.3.1.1,Glycerone phosphate <=> D-Glyceraldehyde 3-phosphate,C00111 => C00118,R01015,KM,B,D-Glyceraldehyde 3-phosphate,C00118,1,mM,Escherichia coli,"Alvarez et al., 1998, THE JOURNAL OF BIOLOGICAL CHEMISTRY, Triose-phosphate Isomerase (TIM) of the Psychrophilic Bacterium Vibrio marinus"
transketolase,tkt1,2.2.1.1,D-Fructose 6-phosphate + D-Glyceraldehyde 3-phosphate <=> D-Erythrose 4-phosphate + D-Xylulose 5-phosphate,C00085 + C00118 => C00279 + C00231,R01067,MW,,,,73,kDa,Escherichia coli,"Sprenger et al., 1995, European Journal of Biochemistry, Transketolase a of Escherichia coli K12 Purification and Properties of the Enzyme from Recombinant Strains"
transketolase,tkt1,2.2.1.1,D-Fructose 6-phosphate + D-Glyceraldehyde 3-phosphate <=> D-Erythrose 4-phosphate + D-Xylulose 5-phosphate,C00085 + C00118 => C00279 + C00231,R01067,Vmax,F,,,62,µmol/min/mg,Escherichia coli,"Sprenger et al., 1995, European Journal of Biochemistry, Transketolase a of Escherichia coli K12 Purification and Properties of the Enzyme from Recombinant Strains"
transketolase,tkt1,2.2.1.1,D-Fructose 6-phosphate + D-Glyceraldehyde 3-phosphate <=> D-Erythrose 4-phosphate + D-Xylulose 5-phosphate,C00085 + C00118 => C00279 + C00231,R01067,Vmax,B,,,110,µmol/min/mg,Escherichia coli,"Sprenger et al., 1995, European Journal of Biochemistry, Transketolase a of Escherichia coli K12 Purification and Properties of the Enzyme from Recombinant Strains"
transketolase,tkt1,2.2.1.1,D-Fructose 6-phosphate + D-Glyceraldehyde 3-phosphate <=> D-Erythrose 4-phosphate + D-Xylulose 5-phosphate,C00085 + C00118 => C00279 + C00231,R01067,kcat,F,,,75.4,1/sec,Escherichia coli,Calculated from Vmax and MW
transketolase,tkt1,2.2.1.1,D-Fructose 6-phosphate + D-Glyceraldehyde 3-phosphate <=> D-Erythrose 4-phosphate + D-Xylulose 5-phosphate,C00085 + C00118 => C00279 + C00231,R01067,kcat,B,,,134,1/sec,Escherichia coli,Calculated from Vmax and MW
transketolase,tkt1,2.2.1.1,D-Fructose 6-phosphate + D-Glyceraldehyde 3-phosphate <=> D-Erythrose 4-phosphate + D-Xylulose 5-phosphate,C00085 + C00118 => C00279 + C00231,R01067,KM,F,D-Fructose 6-phosphate,C00085,1.1,mM,Escherichia coli,"Sprenger et al., 1995, European Journal of Biochemistry, Transketolase a of Escherichia coli K12 Purification and Properties of the Enzyme from Recombinant Strains"
transketolase,tkt1,2.2.1.1,D-Fructose 6-phosphate + D-Glyceraldehyde 3-phosphate <=> D-Erythrose 4-phosphate + D-Xylulose 5-phosphate,C00085 + C00118 => C00279 + C00231,R01067,KM,F,D-Glyceraldehyde 3-phosphate,C00118,2.1,mM,Escherichia coli,"Sprenger et al., 1995, European Journal of Biochemistry, Transketolase a of Escherichia coli K12 Purification and Properties of the Enzyme from Recombinant Strains"
transketolase,tkt1,2.2.1.1,D-Fructose 6-phosphate + D-Glyceraldehyde 3-phosphate <=> D-Erythrose 4-phosphate + D-Xylulose 5-phosphate,C00085 + C00118 => C00279 + C00231,R01067,KM,B,D-Erythrose 4-phosphate,C00279,0.09,mM,Escherichia coli,"Sprenger et al., 1995, European Journal of Biochemistry, Transketolase a of Escherichia coli K12 Purification and Properties of the Enzyme from Recombinant Strains"
transketolase,tkt1,2.2.1.1,D-Fructose 6-phosphate + D-Glyceraldehyde 3-phosphate <=> D-Erythrose 4-phosphate + D-Xylulose 5-phosphate,C00085 + C00118 => C00279 + C00231,R01067,KM,B,D-Xylulose 5-phosphate,C00231,0.16,mM,Escherichia coli,"Sprenger et al., 1995, European Journal of Biochemistry, Transketolase a of Escherichia coli K12 Purification and Properties of the Enzyme from Recombinant Strains"
transaldolase,tal,2.2.1.2,D-Erythrose 4-phosphate + D-Fructose 6-phosphate <=> Sedoheptulose 7-phosphate + D-Glyceraldehyde 3-phosphate,C00279 + C00085 => C05382 + C00118,,MW,,,,35,kDa,Escherichia coli,"Sprenger et al., 1995, J. Bacteriol., Transaldolase B of Escherichia coli K-12: cloning of its gene, talB, and characterization of the enzyme from recombinant strains"
transaldolase,tal,2.2.1.2,D-Erythrose 4-phosphate + D-Fructose 6-phosphate <=> Sedoheptulose 7-phosphate + D-Glyceraldehyde 3-phosphate,C00279 + C00085 => C05382 + C00118,,Vmax,F,,,80,µmol/min/mg,Escherichia coli,"Sprenger et al., 1995, J. Bacteriol., Transaldolase B of Escherichia coli K-12: cloning of its gene, talB, and characterization of the enzyme from recombinant strains"
transaldolase,tal,2.2.1.2,D-Erythrose 4-phosphate + D-Fructose 6-phosphate <=> Sedoheptulose 7-phosphate + D-Glyceraldehyde 3-phosphate,C00279 + C00085 => C05382 + C00118,,Vmax,B,,,6.4,µmol/min/mg,Escherichia coli,"Sprenger et al., 1995, J. Bacteriol., Transaldolase B of Escherichia coli K-12: cloning of its gene, talB, and characterization of the enzyme from recombinant strains"
transaldolase,tal,2.2.1.2,D-Erythrose 4-phosphate + D-Fructose 6-phosphate <=> Sedoheptulose 7-phosphate + D-Glyceraldehyde 3-phosphate,C00279 + C00085 => C05382 + C00118,,kcat,F,,,46.7,1/sec,Escherichia coli,Calculated from Vmax and MW
transaldolase,tal,2.2.1.2,D-Erythrose 4-phosphate + D-Fructose 6-phosphate <=> Sedoheptulose 7-phosphate + D-Glyceraldehyde 3-phosphate,C00279 + C00085 => C05382 + C00118,,kcat,B,,,3.7,1/sec,Escherichia coli,Calculated from Vmax and MW
transaldolase,tal,2.2.1.2,D-Erythrose 4-phosphate + D-Fructose 6-phosphate <=> Sedoheptulose 7-phosphate + D-Glyceraldehyde 3-phosphate,C00279 + C00085 => C05382 + C00118,,KM,F,D-Erythrose 4-phosphate,C00279,0.09,mM,Escherichia coli,"Sprenger et al., 1995, J. Bacteriol., Transaldolase B of Escherichia coli K-12: cloning of its gene, talB, and characterization of the enzyme from recombinant strains"
transaldolase,tal,2.2.1.2,D-Erythrose 4-phosphate + D-Fructose 6-phosphate <=> Sedoheptulose 7-phosphate + D-Glyceraldehyde 3-phosphate,C00279 + C00085 => C05382 + C00118,,KM,F,D-Fructose 6-phosphate,C00085,1.2,mM,Escherichia coli,"Sprenger et al., 1995, J. Bacteriol., Transaldolase B of Escherichia coli K-12: cloning of its gene, talB, and characterization of the enzyme from recombinant strains"
transaldolase,tal,2.2.1.2,D-Erythrose 4-phosphate + D-Fructose 6-phosphate <=> Sedoheptulose 7-phosphate + D-Glyceraldehyde 3-phosphate,C00279 + C00085 => C05382 + C00118,,KM,B,Sedoheptulose 7-phosphate,C05382,0.285,mM,Escherichia coli,"Sprenger et al., 1995, J. Bacteriol., Transaldolase B of Escherichia coli K-12: cloning of its gene, talB, and characterization of the enzyme from recombinant strains"
transaldolase,tal,2.2.1.2,D-Erythrose 4-phosphate + D-Fructose 6-phosphate <=> Sedoheptulose 7-phosphate + D-Glyceraldehyde 3-phosphate,C00279 + C00085 => C05382 + C00118,,KM,B,D-Glyceraldehyde 3-phosphate,C00118,0.038,mM,Escherichia coli,"Sprenger et al., 1995, J. Bacteriol., Transaldolase B of Escherichia coli K-12: cloning of its gene, talB, and characterization of the enzyme from recombinant strains"
transketolase,tkt2,2.2.1.1,Sedoheptulose 7-phosphate + D-Glyceraldehyde 3-phosphate <=> D-Ribose 5-phosphate + D-Xylulose 5-phosphate,C05382 + C00118 => C00117 + C00231,R01641,MW,,,,73,kDa,Escherichia coli,"Sprenger et al., 1995, European Journal of Biochemistry, Transketolase a of Escherichia coli K12 Purification and Properties of the Enzyme from Recombinant Strains"
transketolase,tkt2,2.2.1.1,Sedoheptulose 7-phosphate + D-Glyceraldehyde 3-phosphate <=> D-Ribose 5-phosphate + D-Xylulose 5-phosphate,C05382 + C00118 => C00117 + C00231,R01641,Vmax,F,,,6,µmol/min/mg,Escherichia coli,"Sprenger et al., 1995, European Journal of Biochemistry, Transketolase a of Escherichia coli K12 Purification and Properties of the Enzyme from Recombinant Strains"
transketolase,tkt2,2.2.1.1,Sedoheptulose 7-phosphate + D-Glyceraldehyde 3-phosphate <=> D-Ribose 5-phosphate + D-Xylulose 5-phosphate,C05382 + C00118 => C00117 + C00231,R01641,Vmax,B,,,50.4,µmol/min/mg,Escherichia coli,"Sprenger et al., 1995, European Journal of Biochemistry, Transketolase a of Escherichia coli K12 Purification and Properties of the Enzyme from Recombinant Strains"
transketolase,tkt2,2.2.1.1,Sedoheptulose 7-phosphate + D-Glyceraldehyde 3-phosphate <=> D-Ribose 5-phosphate + D-Xylulose 5-phosphate,C05382 + C00118 => C00117 + C00231,R01641,kcat,F,,,7.3,1/sec,Escherichia coli,Calculated from Vmax and MW
transketolase,tkt2,2.2.1.1,Sedoheptulose 7-phosphate + D-Glyceraldehyde 3-phosphate <=> D-Ribose 5-phosphate + D-Xylulose 5-phosphate,C05382 + C00118 => C00117 + C00231,R01641,kcat,B,,,61.3,1/sec,Escherichia coli,Calculated from Vmax and MW
transketolase,tkt2,2.2.1.1,Sedoheptulose 7-phosphate + D-Glyceraldehyde 3-phosphate <=> D-Ribose 5-phosphate + D-Xylulose 5-phosphate,C05382 + C00118 => C00117 + C00231,R01641,KM,F,Sedoheptulose 7-phosphate ,C05382,4,mM,Escherichia coli,"Sprenger et al., 1995, European Journal of Biochemistry, Transketolase a of Escherichia coli K12 Purification and Properties of the Enzyme from Recombinant Strains"
transketolase,tkt2,2.2.1.1,Sedoheptulose 7-phosphate + D-Glyceraldehyde 3-phosphate <=> D-Ribose 5-phosphate + D-Xylulose 5-phosphate,C05382 + C00118 => C00117 + C00231,R01641,KM,F,D-Glyceraldehyde 3-phosphate,C00118,2.1,mM,Escherichia coli,"Sprenger et al., 1995, European Journal of Biochemistry, Transketolase a of Escherichia coli K12 Purification and Properties of the Enzyme from Recombinant Strains"
transketolase,tkt2,2.2.1.1,Sedoheptulose 7-phosphate + D-Glyceraldehyde 3-phosphate <=> D-Ribose 5-phosphate + D-Xylulose 5-phosphate,C05382 + C00118 => C00117 + C00231,R01641,KM,B,D-Ribose 5-phosphate,C00117,1.4,mM,Escherichia coli,"Sprenger et al., 1995, European Journal of Biochemistry, Transketolase a of Escherichia coli K12 Purification and Properties of the Enzyme from Recombinant Strains"
transketolase,tkt2,2.2.1.1,Sedoheptulose 7-phosphate + D-Glyceraldehyde 3-phosphate <=> D-Ribose 5-phosphate + D-Xylulose 5-phosphate,C05382 + C00118 => C00117 + C00231,R01641,KM,B,D-Xylulose 5-phosphate,C00231,0.16,mM,Escherichia coli,"Sprenger et al., 1995, European Journal of Biochemistry, Transketolase a of Escherichia coli K12 Purification and Properties of the Enzyme from Recombinant Strains"
ribulose-phosphate 3-epimerase,rpe,5.1.3.1,D-Xylulose 5-phosphate <=> D-Ribulose 5-phosphate,C00231 => C00199,R01529,MW,,,,25,kDa,Spinacia oleracea,Many sources
ribulose-phosphate 3-epimerase,rpe,5.1.3.1,D-Xylulose 5-phosphate <=> D-Ribulose 5-phosphate,C00231 => C00199,R01529,kcat,B,,,"7,100",1/sec,Spinacia oleracea,"Chen et al., 1999, J. Biol. Chem., Identification of a catalytic aspartyl residue of D-ribulose 5-phosphate 3-epimerase by site-directed mutagenesis"
ribulose-phosphate 3-epimerase,rpe,5.1.3.1,D-Xylulose 5-phosphate <=> D-Ribulose 5-phosphate,C00231 => C00199,R01529,kcat,F,,,"7,100",1/sec,Spinacia oleracea,Estimated as kcat for the backward direction
ribulose-phosphate 3-epimerase,rpe,5.1.3.1,D-Xylulose 5-phosphate <=> D-Ribulose 5-phosphate,C00231 => C00199,R01529,KM,B,D-Ribulose 5-phosphate,C00199,0.22,mM,Spinacia oleracea,"Chen et al., 1999, J. Biol. Chem., Identification of a catalytic aspartyl residue of D-ribulose 5-phosphate 3-epimerase by site-directed mutagenesis"
ribulose-phosphate 3-epimerase,rpe,5.1.3.1,D-Xylulose 5-phosphate <=> D-Ribulose 5-phosphate,C00231 => C00199,R01529,KM,F,D-Xylulose 5-phosphate,C00231,0.22,mM,Spinacia oleracea,Estimated as KM for D-Ribulose 5-phosphate
ribulose-phosphate 3-epimerase,rpe_b,5.1.3.1,D-Ribulose 5-phosphate <=> D-Xylulose 5-phosphate,C00231 => C00199,R01529,MW,,,,25,kDa,Spinacia oleracea,Many sources
ribulose-phosphate 3-epimerase,rpe_b,5.1.3.1,D-Ribulose 5-phosphate <=> D-Xylulose 5-phosphate,C00231 => C00199,R01529,kcat,F,,,"7,100",1/sec,Spinacia oleracea,"Chen et al., 1999, J. Biol. Chem., Identification of a catalytic aspartyl residue of D-ribulose 5-phosphate 3-epimerase by site-directed mutagenesis"
ribulose-phosphate 3-epimerase,rpe_b,5.1.3.1,D-Ribulose 5-phosphate <=> D-Xylulose 5-phosphate,C00231 => C00199,R01529,kcat,B,,,"7,100",1/sec,Spinacia oleracea,Estimated as kcat for the backward direction
ribulose-phosphate 3-epimerase,rpe_b,5.1.3.1,D-Ribulose 5-phosphate <=> D-Xylulose 5-phosphate,C00231 => C00199,R01529,KM,F,D-Ribulose 5-phosphate,C00199,0.22,mM,Spinacia oleracea,"Chen et al., 1999, J. Biol. Chem., Identification of a catalytic aspartyl residue of D-ribulose 5-phosphate 3-epimerase by site-directed mutagenesis"
ribulose-phosphate 3-epimerase,rpe_b,5.1.3.1,D-Ribulose 5-phosphate <=> D-Xylulose 5-phosphate,C00231 => C00199,R01529,KM,B,D-Xylulose 5-phosphate,C00231,0.22,mM,Spinacia oleracea,Estimated as KM for D-Ribulose 5-phosphate
Ribose-5-phosphate isomerase,rpi,5.3.1.6,D-Ribose 5-phosphate <=> D-Ribulose 5-phosphate,C00117 => C00199,R01056,MW,,,,22.8,kDa,Escherichia coli,"Rangarajan et al., 2002, PROTEINS: Structure, Function, and Genetics, Crystal structure of D-ribose-5-phosphate isomerase (RpiA) from Escherichia coli"
Ribose-5-phosphate isomerase,rpi,5.3.1.6,D-Ribose 5-phosphate <=> D-Ribulose 5-phosphate,C00117 => C00199,R01056,kcat,F,,,2100,1/sec,Escherichia coli,"Zhang et al., 2003, Structure, Structure of Escherichia coli Ribose-5-Phosphate Isomerase: A Ubiquitous Enzyme of the Pentose Phosphate Pathway and the Calvin Cycle "
Ribose-5-phosphate isomerase,rpi,5.3.1.6,D-Ribose 5-phosphate <=> D-Ribulose 5-phosphate,C00117 => C00199,R01056,kcat,B,,,2100,1/sec,Escherichia coli,Estimated as kcat for the forward direction
Ribose-5-phosphate isomerase,rpi,5.3.1.6,D-Ribose 5-phosphate <=> D-Ribulose 5-phosphate,C00117 => C00199,R01056,KM,F,D-Ribose 5-phosphate,C00117,3.1,mM,Escherichia coli,"Zhang et al., 2003, Structure, Structure of Escherichia coli Ribose-5-Phosphate Isomerase: A Ubiquitous Enzyme of the Pentose Phosphate Pathway and the Calvin Cycle "
Ribose-5-phosphate isomerase,rpi,5.3.1.6,D-Ribose 5-phosphate <=> D-Ribulose 5-phosphate,C00117 => C00199,R01056,KM,B,D-Ribulose 5-phosphate,C00199,3.1,mM,Escherichia coli,Estimated as KM for D-Ribose 5-phosphate
formaldehyde transketolase,ftkt,2.2.1.3,D-Xylulose 5-phosphate + Formaldehyde <=> D-Glyceraldehyde 3-phosphate + Glycerone,C00231 + C00067 => C00118 + C00184,R01440,MW,,,,55,kDa,Candida boidinii,"Kato et al., 1982, Biochimica et Biophysica Acta, Purification and properties of atransketolaseresponsible for formaldehydefixation in amethanol-utilizingyeast, Candidaboidinii (Kloeckerasp.) No. 2201"
formaldehyde transketolase,ftkt,2.2.1.3,D-Xylulose 5-phosphate + Formaldehyde <=> D-Glyceraldehyde 3-phosphate + Glycerone,C00231 + C00067 => C00118 + C00184,R01440,Vmax,F,,,3.88,µmol/min/mg,Candida boidinii,"Kato et al., 1982, Biochimica et Biophysica Acta, Purification and properties of atransketolaseresponsible for formaldehydefixation in amethanol-utilizingyeast, Candidaboidinii (Kloeckerasp.) No. 2201"
formaldehyde transketolase,ftkt,2.2.1.3,D-Xylulose 5-phosphate + Formaldehyde <=> D-Glyceraldehyde 3-phosphate + Glycerone,C00231 + C00067 => C00118 + C00184,R01440,kcat,F,,,3.56,1/sec,Candida boidinii,Calculated from Vmax and MW
formaldehyde transketolase,ftkt,2.2.1.3,D-Xylulose 5-phosphate + Formaldehyde <=> D-Glyceraldehyde 3-phosphate + Glycerone,C00231 + C00067 => C00118 + C00184,R01440,KM,F,D-Xylulose 5-phosphate,C00231,1,mM,Candida boidinii,"Kato et al., 1982, Biochimica et Biophysica Acta, Purification and properties of atransketolaseresponsible for formaldehydefixation in amethanol-utilizingyeast, Candidaboidinii (Kloeckerasp.) No. 2201"
formaldehyde transketolase,ftkt,2.2.1.3,D-Xylulose 5-phosphate + Formaldehyde <=> D-Glyceraldehyde 3-phosphate + Glycerone,C00231 + C00067 => C00118 + C00184,R01440,KM,F,Formaldehyde,C00067,0.43,mM,Candida boidinii,"Kato et al., 1982, Biochimica et Biophysica Acta, Purification and properties of atransketolaseresponsible for formaldehydefixation in amethanol-utilizingyeast, Candidaboidinii (Kloeckerasp.) No. 2201"
formaldehyde transketolase,ftkt,2.2.1.3,D-Xylulose 5-phosphate + Formaldehyde <=> D-Glyceraldehyde 3-phosphate + Glycerone,C00231 + C00067 => C00118 + C00184,R01440,KM,B,D-Glyceraldehyde 3-phosphate,C00118,0.42,mM,Candida boidinii,"Kato et al., 1982, Biochimica et Biophysica Acta, Purification and properties of atransketolaseresponsible for formaldehydefixation in amethanol-utilizingyeast, Candidaboidinii (Kloeckerasp.) No. 2201"
formaldehyde transketolase,ftkt,2.2.1.3,D-Xylulose 5-phosphate + Formaldehyde <=> D-Glyceraldehyde 3-phosphate + Glycerone,C00231 + C00067 => C00118 + C00184,R01440,KM,B,Glycerone,C00184,0.52,mM,Candida boidinii,"Kato et al., 1982, Biochimica et Biophysica Acta, Purification and properties of atransketolaseresponsible for formaldehydefixation in amethanol-utilizingyeast, Candidaboidinii (Kloeckerasp.) No. 2201"
glycerone kinase,glyk,2.7.1.29,ATP + Glycerone <=> ADP + Glycerone phosphate,C00002 + C00184 => C00008 + C00111,R01011,MW,,,,60,kDa,Citrobacter freundii,General estimate
glycerone kinase,glyk,2.7.1.29,ATP + Glycerone <=> ADP + Glycerone phosphate,C00002 + C00184 => C00008 + C00111,R01011,kcat,F,,,17.5,1/sec,Citrobacter freundii,"Garcia-Alles et al., 2004, Biochemistry, Phosphoenolpyruvate- and ATP-dependent dihydroxyacetone kinases: covalent substrate-binding and kinetic mechanism"
glycerone kinase,glyk,2.7.1.29,ATP + Glycerone <=> ADP + Glycerone phosphate,C00002 + C00184 => C00008 + C00111,R01011,KM,F,ATP,C00002,0.11,mM,Citrobacter freundii,"Garcia-Alles et al., 2004, Biochemistry, Phosphoenolpyruvate- and ATP-dependent dihydroxyacetone kinases: covalent substrate-binding and kinetic mechanism"
glycerone kinase,glyk,2.7.1.29,ATP + Glycerone <=> ADP + Glycerone phosphate,C00002 + C00184 => C00008 + C00111,R01011,KM,F,Glycerone,C00184,0.006,mM,Citrobacter freundii,"Garcia-Alles et al., 2004, Biochemistry, Phosphoenolpyruvate- and ATP-dependent dihydroxyacetone kinases: covalent substrate-binding and kinetic mechanism"
glycerone kinase,glyk,2.7.1.29,ATP + Glycerone <=> ADP + Glycerone phosphate,C00002 + C00184 => C00008 + C00111,R01011,KM,B,ADP,C00008,0.11,mM,Citrobacter freundii,Estimated as KM for ATP
glycerone kinase,glyk,2.7.1.29,ATP + Glycerone <=> ADP + Glycerone phosphate,C00002 + C00184 => C00008 + C00111,R01011,KM,B,Glycerone phosphate,C00111,0.006,mM,Citrobacter freundii,Estimated as KM for Glycerone
fructose-bisphosphatase,fbp,3.1.3.11,"D-Fructose 1,6-bisphosphate + H2O <=> D-Fructose 6-phosphate + Orthophosphate",C00354 + C00001 => C00085 + C00009,R00762,MW,,,,37,kDa,Escherichia coli,"Hines et al., 2007, J. Bilo. Chem., Structures of activated fructose-1,6-bisphosphatase from Escherichia coli. Coordinate regulation of bacterial metabolism and the conservation of the R-state"
fructose-bisphosphatase,fbp,3.1.3.11,"D-Fructose 1,6-bisphosphate + H2O <=> D-Fructose 6-phosphate + Orthophosphate",C00354 + C00001 => C00085 + C00009,R00762,kcat,F,,,24,1/sec,Escherichia coli,"Hines et al., 2007, J. Bilo. Chem., Structures of activated fructose-1,6-bisphosphatase from Escherichia coli. Coordinate regulation of bacterial metabolism and the conservation of the R-state"
fructose-bisphosphatase,fbp,3.1.3.11,"D-Fructose 1,6-bisphosphate + H2O <=> D-Fructose 6-phosphate + Orthophosphate",C00354 + C00001 => C00085 + C00009,R00762,KM,F,"D-Fructose 1,6-bisphosphate",C00354,0.0017,mM,Escherichia coli,"Hines et al., 2007, J. Bilo. Chem., Structures of activated fructose-1,6-bisphosphatase from Escherichia coli. Coordinate regulation of bacterial metabolism and the conservation of the R-state"
fructose-bisphosphatase,fbp,3.1.3.11,"D-Fructose 1,6-bisphosphate + H2O <=> D-Fructose 6-phosphate + Orthophosphate",C00354 + C00001 => C00085 + C00009,R00762,KM,B,D-Fructose 6-phosphate,C00085,0.0017,mM,Escherichia coli,"Estimated as KM for D-Fructose 1,6-bisphosphate"
fructose-bisphosphatase,fbp,3.1.3.11,"D-Fructose 1,6-bisphosphate + H2O <=> D-Fructose 6-phosphate + Orthophosphate",C00354 + C00001 => C00085 + C00009,R00762,KM,B,Orthophosphate,C00009,5,mM,Escherichia coli,General estimate
aminomethyltransferase,amt,2.1.2.10,"Dihydrolipoate + 5,10-Methylenetetrahydrofolate + NH3 <=> S-Aminomethyldihydrolipoate + Tetrahydrofolate",C02147 + C00143 + C00014 => C80069 + C00101,~R04125,MW,,,,40,kDa,Escherichia coli,"Kikuchi et al., 2008, Proc. Jpn. Acad. Ser. B Phys. Biol. Sci., Glycine cleavage system: reaction mechanism, physiological significance, and hyperglycinemia"
aminomethyltransferase,amt,2.1.2.10,"Dihydrolipoate + 5,10-Methylenetetrahydrofolate + NH3 <=> S-Aminomethyldihydrolipoate + Tetrahydrofolate",C02147 + C00143 + C00014 => C80069 + C00101,~R04125,kcat,F,,,20.9,1/sec,Escherichia coli,"Okamura-Ikeda et al., 2003, J. Biol. Chem., Probing the H-protein-induced conformational change and the function of the N-terminal region of Escherichia coli T-protein of the glycine cleavage system by limited proteolysis"
aminomethyltransferase,amt,2.1.2.10,"Dihydrolipoate + 5,10-Methylenetetrahydrofolate + NH3 <=> S-Aminomethyldihydrolipoate + Tetrahydrofolate",C02147 + C00143 + C00014 => C80069 + C00101,~R04125,KM,F,Dihydrolipoate,C02147,0.00069,mM,Escherichia coli,"Okamura-Ikeda et al., 2003, J. Biol. Chem., Probing the H-protein-induced conformational change and the function of the N-terminal region of Escherichia coli T-protein of the glycine cleavage system by limited proteolysis"
aminomethyltransferase,amt,2.1.2.10,"Dihydrolipoate + 5,10-Methylenetetrahydrofolate + NH3 <=> S-Aminomethyldihydrolipoate + Tetrahydrofolate",C02147 + C00143 + C00014 => C80069 + C00101,~R04125,KM,F,"5,10-Methylenetetrahydrofolate",C00143,0.088,mM,Escherichia coli,"Okamura-Ikeda et al., 2003, J. Biol. Chem., Probing the H-protein-induced conformational change and the function of the N-terminal region of Escherichia coli T-protein of the glycine cleavage system by limited proteolysis"
aminomethyltransferase,amt,2.1.2.10,"Dihydrolipoate + 5,10-Methylenetetrahydrofolate + NH3 <=> S-Aminomethyldihydrolipoate + Tetrahydrofolate",C02147 + C00143 + C00014 => C80069 + C00101,~R04125,KM,F,NH3,C00014,65.4,mM,Escherichia coli,"Okamura-Ikeda et al., 2003, J. Biol. Chem., Probing the H-protein-induced conformational change and the function of the N-terminal region of Escherichia coli T-protein of the glycine cleavage system by limited proteolysis"
aminomethyltransferase,amt,2.1.2.10,"Dihydrolipoate + 5,10-Methylenetetrahydrofolate + NH3 <=> S-Aminomethyldihydrolipoate + Tetrahydrofolate",C02147 + C00143 + C00014 => C80069 + C00101,~R04125,KM,B,S-Aminomethyldihydrolipoate,C80069,0.00069,mM,Escherichia coli,Estimated as KM for Dihydrolipoate
aminomethyltransferase,amt,2.1.2.10,"Dihydrolipoate + 5,10-Methylenetetrahydrofolate + NH3 <=> S-Aminomethyldihydrolipoate + Tetrahydrofolate",C02147 + C00143 + C00014 => C80069 + C00101,~R04125,KM,B,Tetrahydrofolate,C00101,0.088,mM,Escherichia coli,"Estimated as KM for 5,10-Methylenetetrahydrofolate"
glycine dehydrogenase (decarboxylating),gdh,1.4.4.2,S-Aminomethyldihydrolipoate + HCO3- <=> Glycine + Lipoate,C80069 + C00288 => C00037 + C00725,~R03425,MW,,,,110,kDa,Synechocystis,"Hasse et al., 2007, FEBS Letters, Properties of recombinant glycine decarboxylase P- and H-protein subunits from the cyanobacterium Synechocystis sp. strain PCC 6803"
glycine dehydrogenase (decarboxylating),gdh,1.4.4.2,S-Aminomethyldihydrolipoate + HCO3- <=> Glycine + Lipoate,C80069 + C00288 => C00037 + C00725,~R03425,Vmax,B,,,1.26,µmol/min/mg,Synechocystis,"Hasse et al., 2007, FEBS Letters, Properties of recombinant glycine decarboxylase P- and H-protein subunits from the cyanobacterium Synechocystis sp. strain PCC 6803"
glycine dehydrogenase (decarboxylating),gdh,1.4.4.2,S-Aminomethyldihydrolipoate + HCO3- <=> Glycine + Lipoate,C80069 + C00288 => C00037 + C00725,~R03425,Vmax,F,,,1.26,µmol/min/mg,Synechocystis,Estimated as Vmax for backward reaction
glycine dehydrogenase (decarboxylating),gdh,1.4.4.2,S-Aminomethyldihydrolipoate + HCO3- <=> Glycine + Lipoate,C80069 + C00288 => C00037 + C00725,~R03425,kcat,B,,,2.31,1/sec,Synechocystis,Calculated from Vmax and MW
glycine dehydrogenase (decarboxylating),gdh,1.4.4.2,S-Aminomethyldihydrolipoate + HCO3- <=> Glycine + Lipoate,C80069 + C00288 => C00037 + C00725,~R03425,kcat,F,,,2.31,1/sec,Synechocystis,Calculated from Vmax and MW
glycine dehydrogenase (decarboxylating),gdh,1.4.4.2,S-Aminomethyldihydrolipoate + HCO3- <=> Glycine + Lipoate,C80069 + C00288 => C00037 + C00725,~R03425,KM,B,Glycine,C00037,3.21,mM,Synechocystis,"Hasse et al., 2007, FEBS Letters, Properties of recombinant glycine decarboxylase P- and H-protein subunits from the cyanobacterium Synechocystis sp. strain PCC 6803"
glycine dehydrogenase (decarboxylating),gdh,1.4.4.2,S-Aminomethyldihydrolipoate + HCO3- <=> Glycine + Lipoate,C80069 + C00288 => C00037 + C00725,~R03425,KM,B,Lipoate,C00725,0.47,mM,Synechocystis,"Hasse et al., 2007, FEBS Letters, Properties of recombinant glycine decarboxylase P- and H-protein subunits from the cyanobacterium Synechocystis sp. strain PCC 6803"
glycine dehydrogenase (decarboxylating),gdh,1.4.4.2,S-Aminomethyldihydrolipoate + HCO3- <=> Glycine + Lipoate,C80069 + C00288 => C00037 + C00725,~R03425,KM,F,S-Aminomethyldihydrolipoate,C80069,0.47,mM,Synechocystis,Estimated as KM for lipoate
glycine dehydrogenase (decarboxylating),gdh,1.4.4.2,S-Aminomethyldihydrolipoate + HCO3- <=> Glycine + Lipoate,C80069 + C00288 => C00037 + C00725,~R03425,KM,F,HCO3-,C00288,34,mM,chicken liver mitochondria,"Hiraga et al., 1980, J. Bilo. Chem., The Mitochondrial Glycine Cleavage System"
dihydrolipoyl dehydrogenase,dhldh,1.8.1.4,Lipoate + NADH <=> Dihydrolipoate + NAD+,C00725 + C00004 => C02147 + C00003,~R03815,MW,,,,56,kDa,Escherichia coli,"Schmincke-Ott et al., 1981, Eur. J. Biochem., Dihydrolipoamide dehydrogenase component of the pyruvate dehydrogenase complex from Escherichia coli K12. Comparative characterization of the free and the complex-bound component"
dihydrolipoyl dehydrogenase,dhldh,1.8.1.4,Lipoate + NADH <=> Dihydrolipoate + NAD+,C00725 + C00004 => C02147 + C00003,~R03815,Vmax,B,,,485,µmol/min/mg,Escherichia coli,"Schmincke-Ott et al., 1981, Eur. J. Biochem., Dihydrolipoamide dehydrogenase component of the pyruvate dehydrogenase complex from Escherichia coli K12. Comparative characterization of the free and the complex-bound component"
dihydrolipoyl dehydrogenase,dhldh,1.8.1.4,Lipoate + NADH <=> Dihydrolipoate + NAD+,C00725 + C00004 => C02147 + C00003,~R03815,Vmax,F,,,485,µmol/min/mg,Escherichia coli,Estimated as Vmax for backward reaction
dihydrolipoyl dehydrogenase,dhldh,1.8.1.4,Lipoate + NADH <=> Dihydrolipoate + NAD+,C00725 + C00004 => C02147 + C00003,~R03815,kcat,B,,,453,1/sec,Escherichia coli,Calculated from Vmax and MW
dihydrolipoyl dehydrogenase,dhldh,1.8.1.4,Lipoate + NADH <=> Dihydrolipoate + NAD+,C00725 + C00004 => C02147 + C00003,~R03815,kcat,F,,,453,1/sec,Escherichia coli,Calculated from Vmax and MW
dihydrolipoyl dehydrogenase,dhldh,1.8.1.4,Lipoate + NADH <=> Dihydrolipoate + NAD+,C00725 + C00004 => C02147 + C00003,~R03815,KM,B,Dihydrolipoate,C02147,0.08,mM,Escherichia coli,"Schmincke-Ott et al., 1981, Eur. J. Biochem., Dihydrolipoamide dehydrogenase component of the pyruvate dehydrogenase complex from Escherichia coli K12. Comparative characterization of the free and the complex-bound component"
dihydrolipoyl dehydrogenase,dhldh,1.8.1.4,Lipoate + NADH <=> Dihydrolipoate + NAD+,C00725 + C00004 => C02147 + C00003,~R03815,KM,B,NAD+,C00003,0.4,mM,Escherichia coli,"Schmincke-Ott et al., 1981, Eur. J. Biochem., Dihydrolipoamide dehydrogenase component of the pyruvate dehydrogenase complex from Escherichia coli K12. Comparative characterization of the free and the complex-bound component"
dihydrolipoyl dehydrogenase,dhldh,1.8.1.4,Lipoate + NADH <=> Dihydrolipoate + NAD+,C00725 + C00004 => C02147 + C00003,~R03815,KM,F,Lipoate,C00725,0.08,mM,Escherichia coli,Estimated as KM for Dihydrolipoate
dihydrolipoyl dehydrogenase,dhldh,1.8.1.4,Lipoate + NADH <=> Dihydrolipoate + NAD+,C00725 + C00004 => C02147 + C00003,~R03815,KM,F,NADH,C00004,0.016,mM,Escherichia coli,"Schmincke-Ott et al., 1981, Eur. J. Biochem., Dihydrolipoamide dehydrogenase component of the pyruvate dehydrogenase complex from Escherichia coli K12. Comparative characterization of the free and the complex-bound component"
"5,10-methylenetetrahydrofolate reductase",mtr,1.1.1.68,"5,10-Methylenetetrahydrofolate + NADH <=> 5-Methyltetrahydrofolate + NAD+",C00143 + C00004 => C00440 + C00003,R07168,MW,,,,65,kDa,Escherichia coli,"Guenther et al., 1999, Nature Structural Biology, The structure and properties of methylenetetrahydrofolate reductase from Escherichia coli suggest how folate ameliorates human hyperhomocysteinemia"
"5,10-methylenetetrahydrofolate reductase",mtr,1.1.1.68,"5,10-Methylenetetrahydrofolate + NADH <=> 5-Methyltetrahydrofolate + NAD+",C00143 + C00004 => C00440 + C00003,R07168,kcat,F,,,23.5,1/sec,Escherichia coli,"Guenther et al., 1999, Nature Structural Biology, The structure and properties of methylenetetrahydrofolate reductase from Escherichia coli suggest how folate ameliorates human hyperhomocysteinemia"
"5,10-methylenetetrahydrofolate reductase",mtr,1.1.1.68,"5,10-Methylenetetrahydrofolate + NADH <=> 5-Methyltetrahydrofolate + NAD+",C00143 + C00004 => C00440 + C00003,R07168,KM,F,"5,10-Methylenetetrahydrofolate",C00143,0.0039,mM,Escherichia coli,"Guenther et al., 1999, Nature Structural Biology, The structure and properties of methylenetetrahydrofolate reductase from Escherichia coli suggest how folate ameliorates human hyperhomocysteinemia"
"5,10-methylenetetrahydrofolate reductase",mtr,1.1.1.68,"5,10-Methylenetetrahydrofolate + NADH <=> 5-Methyltetrahydrofolate + NAD+",C00143 + C00004 => C00440 + C00003,R07168,KM,F,NADH,C00004,0.017,mM,Escherichia coli,"Guenther et al., 1999, Nature Structural Biology, The structure and properties of methylenetetrahydrofolate reductase from Escherichia coli suggest how folate ameliorates human hyperhomocysteinemia"
"5,10-methylenetetrahydrofolate reductase",mtr,1.1.1.68,"5,10-Methylenetetrahydrofolate + NADH <=> 5-Methyltetrahydrofolate + NAD+",C00143 + C00004 => C00440 + C00003,R07168,KM,B,5-Methyltetrahydrofolate,C00440,0.0039,mM,Escherichia coli,"Estimated as KM for 5,10-Methylenetetrahydrofolate"
"5,10-methylenetetrahydrofolate reductase",mtr,1.1.1.68,"5,10-Methylenetetrahydrofolate + NADH <=> 5-Methyltetrahydrofolate + NAD+",C00143 + C00004 => C00440 + C00003,R07168,KM,B,NAD+,C00003,0.017,mM,Escherichia coli,Estimated as KM for NADH
glucokinase,hxk,2.7.1.2,ATP + D-Glucose <=> ADP + D-Glucose 6-phosphate,C00002 + C00031 <=> C00008 + C00092,R00299,MW,,,,35,kDa,Escherichia coli,"Meyer et al., 1997, J. Bacteriol., Molecular characterization of glucokinase from Escherichia coli K-12"
glucokinase,hxk,2.7.1.2,ATP + D-Glucose <=> ADP + D-Glucose 6-phosphate,C00002 + C00031 <=> C00008 + C00092,R00299,kcat,F,,,410,1/sec,Escherichia coli,"Miller et al., Biochemistry, Identifying Latent Enzyme Activities:  Substrate Ambiguity within Modern Bacterial Sugar Kinases "
glucokinase,hxk,2.7.1.2,ATP + D-Glucose <=> ADP + D-Glucose 6-phosphate,C00002 + C00031 <=> C00008 + C00092,R00299,KM,F,ATP,C00002,0.26,,Escherichia coli,"Miller et al., Biochemistry, Identifying Latent Enzyme Activities:  Substrate Ambiguity within Modern Bacterial Sugar Kinases "
glucokinase,hxk,2.7.1.2,ATP + D-Glucose <=> ADP + D-Glucose 6-phosphate,C00002 + C00031 <=> C00008 + C00092,R00299,KM,F,D-Glucose,C00031,0.076,,Escherichia coli,"Miller et al., Biochemistry, Identifying Latent Enzyme Activities:  Substrate Ambiguity within Modern Bacterial Sugar Kinases "
glucokinase,hxk,2.7.1.2,ATP + D-Glucose <=> ADP + D-Glucose 6-phosphate,C00002 + C00031 <=> C00008 + C00092,R00299,KM,B,ADP,C00008,0.26,,Escherichia coli,Estimated as KM for ATP
glucokinase,hxk,2.7.1.2,ATP + D-Glucose <=> ADP + D-Glucose 6-phosphate,C00002 + C00031 <=> C00008 + C00092,R00299,KM,B,D-Glucose 6-phosphate,C00092,0.076,,Escherichia coli,Estimated as KM for D-Glucose
Glucose-6-phosphate isomerase,pgi,5.3.1.9,D-Glucose 6-phosphate <=> D-Fructose 6-phosphate,C00092 <=> C00085,R00771,MW,,,,59,kDa,Escherichia coli,"Schreyer et al., 1980, Archives of Microbiology, Phosphoglucose isomerase from Escherischia coli K10: Purification, properties and formation under aerobic and anaerobic condition"
Glucose-6-phosphate isomerase,pgi,5.3.1.9,D-Glucose 6-phosphate <=> D-Fructose 6-phosphate,C00092 <=> C00085,R00771,Vmax,F,,,122.5,µmol/min/mg,Escherichia coli,"Gao et al., 2005, International Journal of Mass Spectrometry, Kinetic measurements of phosphoglucose isomerase and phosphomannose isomerase by direct analysis of phosphorylated aldose–ketose isomers using tandem mass spectrometry"
Glucose-6-phosphate isomerase,pgi,5.3.1.9,D-Glucose 6-phosphate <=> D-Fructose 6-phosphate,C00092 <=> C00085,R00771,Vmax,B,,,212.6,µmol/min/mg,Escherichia coli,"Gao et al., 2005, International Journal of Mass Spectrometry, Kinetic measurements of phosphoglucose isomerase and phosphomannose isomerase by direct analysis of phosphorylated aldose–ketose isomers using tandem mass spectrometry"
Glucose-6-phosphate isomerase,pgi,5.3.1.9,D-Glucose 6-phosphate <=> D-Fructose 6-phosphate,C00092 <=> C00085,R00771,kcat,F,,,120,1/sec,Escherichia coli,Calculated from Vmax and MW
Glucose-6-phosphate isomerase,pgi,5.3.1.9,D-Glucose 6-phosphate <=> D-Fructose 6-phosphate,C00092 <=> C00085,R00771,kcat,B,,,209,1/sec,Escherichia coli,Calculated from Vmax and MW
Glucose-6-phosphate isomerase,pgi,5.3.1.9,D-Glucose 6-phosphate <=> D-Fructose 6-phosphate,C00092 <=> C00085,R00771,KM,F,D-Glucose 6-phosphate,C00092,0.28,mM,Escherichia coli,"Gao et al., 2005, International Journal of Mass Spectrometry, Kinetic measurements of phosphoglucose isomerase and phosphomannose isomerase by direct analysis of phosphorylated aldose–ketose isomers using tandem mass spectrometry"
Glucose-6-phosphate isomerase,pgi,5.3.1.9,D-Glucose 6-phosphate <=> D-Fructose 6-phosphate,C00092 <=> C00085,R00771,KM,B,D-Fructose 6-phosphate,C00085,0.147,mM,Escherichia coli,"Gao et al., 2005, International Journal of Mass Spectrometry, Kinetic measurements of phosphoglucose isomerase and phosphomannose isomerase by direct analysis of phosphorylated aldose–ketose isomers using tandem mass spectrometry"
glyceraldehyde-3-phosphate dehydrogenase (phosphorylating),gapdh,1.2.1.12,D-Glyceraldehyde 3-phosphate + Orthophosphate + NAD+ <=> 3-Phospho-D-glyceroyl phosphate + NADH,C00118 + C00009 + C00003 <=> C00236 + C00004,R01061,MW,,,,36,kDa,Escherichia coli,"Egea et al., 2007, Int. J. Biochem. Cell Biol., Role of secreted glyceraldehyde-3-phosphate dehydrogenase in the infection mechanism of enterohemorrhagic and enteropathogenic Escherichia coli: interaction of the extracellular enzyme with human plasminogen and fibrinogen"
glyceraldehyde-3-phosphate dehydrogenase (phosphorylating),gapdh,1.2.1.12,D-Glyceraldehyde 3-phosphate + Orthophosphate + NAD+ <=> 3-Phospho-D-glyceroyl phosphate + NADH,C00118 + C00009 + C00003 <=> C00236 + C00004,R01061,kcat,F,,,268,1/sec,Escherichia coli,"Eyschen et al., 1999, Archives of Biochemistry and Biophysics, Engineered Glycolytic Glyceraldehyde-3-Phosphate Dehydrogenase Binds theAntiConformation of NAD+Nicotinamide but Does Not Experience A-Specific Hydride Transfer"
glyceraldehyde-3-phosphate dehydrogenase (phosphorylating),gapdh,1.2.1.12,D-Glyceraldehyde 3-phosphate + Orthophosphate + NAD+ <=> 3-Phospho-D-glyceroyl phosphate + NADH,C00118 + C00009 + C00003 <=> C00236 + C00004,R01061,KM,F,D-Glyceraldehyde 3-phosphate,C00118,0.89,mM,Escherichia coli,"Eyschen et al., 1999, Archives of Biochemistry and Biophysics, Engineered Glycolytic Glyceraldehyde-3-Phosphate Dehydrogenase Binds theAntiConformation of NAD+Nicotinamide but Does Not Experience A-Specific Hydride Transfer"
glyceraldehyde-3-phosphate dehydrogenase (phosphorylating),gapdh,1.2.1.12,D-Glyceraldehyde 3-phosphate + Orthophosphate + NAD+ <=> 3-Phospho-D-glyceroyl phosphate + NADH,C00118 + C00009 + C00003 <=> C00236 + C00004,R01061,KM,F,Orthophosphate,C00009,0.53,mM,Escherichia coli,"Eyschen et al., 1999, Archives of Biochemistry and Biophysics, Engineered Glycolytic Glyceraldehyde-3-Phosphate Dehydrogenase Binds theAntiConformation of NAD+Nicotinamide but Does Not Experience A-Specific Hydride Transfer"
glyceraldehyde-3-phosphate dehydrogenase (phosphorylating),gapdh,1.2.1.12,D-Glyceraldehyde 3-phosphate + Orthophosphate + NAD+ <=> 3-Phospho-D-glyceroyl phosphate + NADH,C00118 + C00009 + C00003 <=> C00236 + C00004,R01061,KM,F,NAD+,C00003,0.045,mM,Escherichia coli,"Eyschen et al., 1999, Archives of Biochemistry and Biophysics, Engineered Glycolytic Glyceraldehyde-3-Phosphate Dehydrogenase Binds theAntiConformation of NAD+Nicotinamide but Does Not Experience A-Specific Hydride Transfer"
glyceraldehyde-3-phosphate dehydrogenase (phosphorylating),gapdh,1.2.1.12,D-Glyceraldehyde 3-phosphate + Orthophosphate + NAD+ <=> 3-Phospho-D-glyceroyl phosphate + NADH,C00118 + C00009 + C00003 <=> C00236 + C00004,R01061,KM,B,3-Phospho-D-glyceroyl phosphate,C00236,0.89,mM,Escherichia coli,Estimated as KM for D-Glyceraldehyde 3-phosphate
glyceraldehyde-3-phosphate dehydrogenase (phosphorylating),gapdh,1.2.1.12,D-Glyceraldehyde 3-phosphate + Orthophosphate + NAD+ <=> 3-Phospho-D-glyceroyl phosphate + NADH,C00118 + C00009 + C00003 <=> C00236 + C00004,R01061,KM,B,NADH,C00004,0.045,mM,Escherichia coli,Estimated as KM for NAD+
phosphoglycerate kinase,pgk,2.7.2.3,ADP + 3-Phospho-D-glyceroyl phosphate <=> ATP + 3-Phospho-D-glycerate,C00008 + C00236 <=> C00002 + C00197,R01512,MW,,,,50,kDa,Saccharomyces cerevisiae,Various sources
phosphoglycerate kinase,pgk,2.7.2.3,ADP + 3-Phospho-D-glyceroyl phosphate <=> ATP + 3-Phospho-D-glycerate,C00008 + C00236 <=> C00002 + C00197,R01512,Vmax,F,,,785,µmol/min/mg,Saccharomyces cerevisiae,"Kuntz et al., 1982, Methods in Enzymology, Phosphoglyceratekinase from spinach, blue-greenalgae, and yeast"
phosphoglycerate kinase,pgk,2.7.2.3,ADP + 3-Phospho-D-glyceroyl phosphate <=> ATP + 3-Phospho-D-glycerate,C00008 + C00236 <=> C00002 + C00197,R01512,kcat,,,,654,1/sec,Saccharomyces cerevisiae,Calculated from Vmax and MW
phosphoglycerate kinase,pgk,2.7.2.3,ADP + 3-Phospho-D-glyceroyl phosphate <=> ATP + 3-Phospho-D-glycerate,C00008 + C00236 <=> C00002 + C00197,R01512,KM,F,ADP,C00008,0.2,mM,Saccharomyces cerevisiae,"Kuntz et al., 1982, Methods in Enzymology, Phosphoglyceratekinase from spinach, blue-greenalgae, and yeast"
phosphoglycerate kinase,pgk,2.7.2.3,ADP + 3-Phospho-D-glyceroyl phosphate <=> ATP + 3-Phospho-D-glycerate,C00008 + C00236 <=> C00002 + C00197,R01512,KM,F,3-Phospho-D-glyceroyl phosphate,C00236,0.0018,mM,Saccharomyces cerevisiae,"Kuntz et al., 1982, Methods in Enzymology, Phosphoglyceratekinase from spinach, blue-greenalgae, and yeast"
phosphoglycerate kinase,pgk,2.7.2.3,ADP + 3-Phospho-D-glyceroyl phosphate <=> ATP + 3-Phospho-D-glycerate,C00008 + C00236 <=> C00002 + C00197,R01512,KM,B,ATP,C00002,0.48,mM,Saccharomyces cerevisiae,"Kuntz et al., 1982, Methods in Enzymology, Phosphoglyceratekinase from spinach, blue-greenalgae, and yeast"
phosphoglycerate kinase,pgk,2.7.2.3,ADP + 3-Phospho-D-glyceroyl phosphate <=> ATP + 3-Phospho-D-glycerate,C00008 + C00236 <=> C00002 + C00197,R01512,KM,B,3-Phospho-D-glycerate,C00197,0.69,mM,Saccharomyces cerevisiae,"Kuntz et al., 1982, Methods in Enzymology, Phosphoglyceratekinase from spinach, blue-greenalgae, and yeast"
phosphoglycerate mutase,pgm,5.4.2.1,3-Phospho-D-glycerate <=> 2-Phospho-D-glycerate,C00197 <=> C00631,R01518,MW,,,,27,kDa,Saccharomyces cerevisiae,"Walter et al., 1999, Biochem. J., The role of the C-terminal region in phosphoglycerate mutase"
phosphoglycerate mutase,pgm,5.4.2.1,3-Phospho-D-glycerate <=> 2-Phospho-D-glycerate,C00197 <=> C00631,R01518,kcat,F,,,530,1/sec,Saccharomyces cerevisiae,"Walter et al., 1999, Biochem. J., The role of the C-terminal region in phosphoglycerate mutase"
phosphoglycerate mutase,pgm,5.4.2.1,3-Phospho-D-glycerate <=> 2-Phospho-D-glycerate,C00197 <=> C00631,R01518,KM,F,3-Phospho-D-glycerate,C00197,0.65,mM,Saccharomyces cerevisiae,"While et al., 1990, Biochem. Soc. Trans., Mutase versus synthase: the phosphoglycerate mutase family studied by protein engineering"
phosphoglycerate mutase,pgm,5.4.2.1,3-Phospho-D-glycerate <=> 2-Phospho-D-glycerate,C00197 <=> C00631,R01518,KM,B,2-Phospho-D-glycerate,C00631,0.041,mM,Saccharomyces cerevisiae,"While et al., 1990, Biochem. Soc. Trans., Mutase versus synthase: the phosphoglycerate mutase family studied by protein engineering"
phosphopyruvate hydratase,eno,4.2.1.11,2-Phospho-D-glycerate <=> Phosphoenolpyruvate + H2O,C00631 <=> C00074 + C00001,R00658,MW,,,,35,kDa,Saccharomyces cerevisiae,Various sources
phosphopyruvate hydratase,eno,4.2.1.11,2-Phospho-D-glycerate <=> Phosphoenolpyruvate + H2O,C00631 <=> C00074 + C00001,R00658,kcat,F,,,78,1/sec,Saccharomyces cerevisiae,"Poyner et al., 1996, Biochemistry, Toward identification of acid/base catalysts in the active site of enolase: comparison of the properties of K345A, E168Q, and E211Q variants"
phosphopyruvate hydratase,eno,4.2.1.11,2-Phospho-D-glycerate <=> Phosphoenolpyruvate + H2O,C00631 <=> C00074 + C00001,R00658,KM,F,2-Phospho-D-glycerate,C00631,0.3,mM,Saccharomyces cerevisiae,"Poyner et al., 1996, Biochemistry, Toward identification of acid/base catalysts in the active site of enolase: comparison of the properties of K345A, E168Q, and E211Q variants"
phosphopyruvate hydratase,eno,4.2.1.11,2-Phospho-D-glycerate <=> Phosphoenolpyruvate + H2O,C00631 <=> C00074 + C00001,R00658,KM,B,Phosphoenolpyruvate,C00074,0.3,mM,Saccharomyces cerevisiae,Estimated as KM for 2-Phospho-D-glycerate
pyruvate kinase,pyk,2.7.1.40,ADP + Phosphoenolpyruvate <=> ATP + Pyruvate,C00008 + C00074 <=> C00002 + C00022,R00200,MW,,,,54,kDa,Saccharomyces cerevisiae,Various sources
pyruvate kinase,pyk,2.7.1.40,ADP + Phosphoenolpyruvate <=> ATP + Pyruvate,C00008 + C00074 <=> C00002 + C00022,R00200,kcat,F,,,232,1/sec,Saccharomyces cerevisiae,"Susan-Resiga et al., 2004. Biochemistry, Susan-Resiga"
pyruvate kinase,pyk,2.7.1.40,ADP + Phosphoenolpyruvate <=> ATP + Pyruvate,C00008 + C00074 <=> C00002 + C00022,R00200,KM,F,ADP,C00008,0.25,mM,Saccharomyces cerevisiae,"Susan-Resiga et al., 2004. Biochemistry, Susan-Resiga"
pyruvate kinase,pyk,2.7.1.40,ADP + Phosphoenolpyruvate <=> ATP + Pyruvate,C00008 + C00074 <=> C00002 + C00022,R00200,KM,F,Phosphoenolpyruvate,C00074,0.31,mM,Saccharomyces cerevisiae,"Susan-Resiga et al., 2004. Biochemistry, Susan-Resiga"
pyruvate kinase,pyk,2.7.1.40,ADP + Phosphoenolpyruvate <=> ATP + Pyruvate,C00008 + C00074 <=> C00002 + C00022,R00200,KM,B,ATP,C00002,0.25,mM,Saccharomyces cerevisiae,Estimated as KM for ADP
pyruvate kinase,pyk,2.7.1.40,ADP + Phosphoenolpyruvate <=> ATP + Pyruvate,C00008 + C00074 <=> C00002 + C00022,R00200,KM,B,Pyruvate,C00022,0.31,mM,Saccharomyces cerevisiae,Estimated as KM for Phosphoenolpyruvate
L-lactate dehydrogenase ,ldh,1.1.1.27,Pyruvate + NADH <=> (R)-Lactate + NAD+,C00022 + C00004 <=> C00256 + C00003,R00703,MW,,,,40,kDa,Escherichia coli,General estimation
L-lactate dehydrogenase ,ldh,1.1.1.27,Pyruvate + NADH <=> (R)-Lactate + NAD+,C00022 + C00004 <=> C00256 + C00003,R00703,Vmax,F,,,250,µmol/min/mg,Escherichia coli,"Garvie et al., 1980, Microbiol. Rev., Bacterial lactate dehydrogenases"
L-lactate dehydrogenase ,ldh,1.1.1.27,Pyruvate + NADH <=> (R)-Lactate + NAD+,C00022 + C00004 <=> C00256 + C00003,R00703,kcat,F,,,166,1/sec,Escherichia coli,Calculated from Vmax and MW
L-lactate dehydrogenase ,ldh,1.1.1.27,Pyruvate + NADH <=> (R)-Lactate + NAD+,C00022 + C00004 <=> C00256 + C00003,R00703,KM,F,Pyruvate,C00022,0.33,mM,Leuconostoc lactis,"Garvie et al., 1980, Microbiol. Rev., Bacterial lactate dehydrogenases"
L-lactate dehydrogenase ,ldh,1.1.1.27,Pyruvate + NADH <=> (R)-Lactate + NAD+,C00022 + C00004 <=> C00256 + C00003,R00703,KM,F,NADH,C00004,0.15,mM,Leuconostoc lactis,"Garvie et al., 1980, Microbiol. Rev., Bacterial lactate dehydrogenases"
L-lactate dehydrogenase ,ldh,1.1.1.27,Pyruvate + NADH <=> (R)-Lactate + NAD+,C00022 + C00004 <=> C00256 + C00003,R00703,KM,B,(R)-Lactate,C00256,20,mM,Leuconostoc lactis,"Garvie et al., 1980, Microbiol. Rev., Bacterial lactate dehydrogenases"
L-lactate dehydrogenase ,ldh,1.1.1.27,Pyruvate + NADH <=> (R)-Lactate + NAD+,C00022 + C00004 <=> C00256 + C00003,R00703,KM,B,NAD+,C00003,2.9,mM,Leuconostoc lactis,"Garvie et al., 1980, Microbiol. Rev., Bacterial lactate dehydrogenases"
glucose-6-phosphate dehydrogenase,zwf,1.1.1.49,"D-Glucose 6-phosphate + NADP+ <=> D-Glucono-1,5-lactone 6-phosphate + NADPH",C00092 + C00006 <=> C01236 + C00005,R00835,MW,,,,52,kDa,Escherichia coli,"Olavarría et al., 2012, FEBS Journal, The cofactor preference of glucose‐6‐phosphate dehydrogenase from Escherichia coli: Modeling the physiological production of reduced cofactors"
glucose-6-phosphate dehydrogenase,zwf,1.1.1.49,"D-Glucose 6-phosphate + NADP+ <=> D-Glucono-1,5-lactone 6-phosphate + NADPH",C00092 + C00006 <=> C01236 + C00005,R00835,kcat,F,,,174,1/sec,Escherichia coli,"Olavarría et al., 2012, FEBS Journal, The cofactor preference of glucose‐6‐phosphate dehydrogenase from Escherichia coli: Modeling the physiological production of reduced cofactors"
glucose-6-phosphate dehydrogenase,zwf,1.1.1.49,"D-Glucose 6-phosphate + NADP+ <=> D-Glucono-1,5-lactone 6-phosphate + NADPH",C00092 + C00006 <=> C01236 + C00005,R00835,KM,F,D-Glucose 6-phosphate,C00092,0.174,mM,Escherichia coli,"Olavarría et al., 2012, FEBS Journal, The cofactor preference of glucose‐6‐phosphate dehydrogenase from Escherichia coli: Modeling the physiological production of reduced cofactors"
glucose-6-phosphate dehydrogenase,zwf,1.1.1.49,"D-Glucose 6-phosphate + NADP+ <=> D-Glucono-1,5-lactone 6-phosphate + NADPH",C00092 + C00006 <=> C01236 + C00005,R00835,KM,F,NADP+,C00006,0.007,mM,Escherichia coli,"Olavarría et al., 2012, FEBS Journal, The cofactor preference of glucose‐6‐phosphate dehydrogenase from Escherichia coli: Modeling the physiological production of reduced cofactors"
glucose-6-phosphate dehydrogenase,zwf,1.1.1.49,"D-Glucose 6-phosphate + NADP+ <=> D-Glucono-1,5-lactone 6-phosphate + NADPH",C00092 + C00006 <=> C01236 + C00005,R00835,KM,B,"D-Glucono-1,5-lactone 6-phosphate",C01236,0.174,mM,Escherichia coli,Estimated as KM for D-Glucose 6-phosphate
glucose-6-phosphate dehydrogenase,zwf,1.1.1.49,"D-Glucose 6-phosphate + NADP+ <=> D-Glucono-1,5-lactone 6-phosphate + NADPH",C00092 + C00006 <=> C01236 + C00005,R00835,KM,B,NADPH,C00005,0.007,mM,Escherichia coli,Estimated as KM for NADP+
6-phosphogluconolactonase,pgl,3.1.1.31,"D-Glucono-1,5-lactone 6-phosphate + H2O <=> 6-Phospho-D-gluconate",C01236 + C00001 <=> C00345,R02035,MW,,,,26,kDa,Zymomonas mobilis,"Scopes, 1985, FEBS Letters, 6-Phosphogluconolactonase from Zymomonasmobilis: An enzyme of high catalytic efficiency"
6-phosphogluconolactonase,pgl,3.1.1.31,"D-Glucono-1,5-lactone 6-phosphate + H2O <=> 6-Phospho-D-gluconate",C01236 + C00001 <=> C00345,R02035,Vmax,F,,,4400,µmol/min/mg,Zymomonas mobilis,"Scopes, 1985, FEBS Letters, 6-Phosphogluconolactonase from Zymomonasmobilis: An enzyme of high catalytic efficiency"
6-phosphogluconolactonase,pgl,3.1.1.31,"D-Glucono-1,5-lactone 6-phosphate + H2O <=> 6-Phospho-D-gluconate",C01236 + C00001 <=> C00345,R02035,kcat,F,,,1900,1/sec,Zymomonas mobilis,Calculated from Vmax and MW
6-phosphogluconolactonase,pgl,3.1.1.31,"D-Glucono-1,5-lactone 6-phosphate + H2O <=> 6-Phospho-D-gluconate",C01236 + C00001 <=> C00345,R02035,KM,F,"D-Glucono-1,5-lactone 6-phosphate",C01236,0.02,mM,Zymomonas mobilis,"Scopes, 1985, FEBS Letters, 6-Phosphogluconolactonase from Zymomonasmobilis: An enzyme of high catalytic efficiency"
6-phosphogluconolactonase,pgl,3.1.1.31,"D-Glucono-1,5-lactone 6-phosphate + H2O <=> 6-Phospho-D-gluconate",C01236 + C00001 <=> C00345,R02035,KM,B,6-Phospho-D-gluconate,C00345,0.02,mM,Zymomonas mobilis,"Estimated as KM for D-Glucono-1,5-lactone 6-phosphate"
phosphogluconate dehydratase,edd,4.2.1.12,6-Phospho-D-gluconate <=> 2-Dehydro-3-deoxy-6-phospho-D-gluconate + H2O,C00345 <=> C04442 + C00001,R02036,MW,,,,63,kDa,Zymomonas mobilis,"Scopes et al., 1984, Analytical Biochemistry, Use of differentialdye-ligandchromatography with affinityelution for enzyme purification: 6-Phosphogluconatedehydratase from Zymomonasmobilis"
phosphogluconate dehydratase,edd,4.2.1.12,6-Phospho-D-gluconate <=> 2-Dehydro-3-deoxy-6-phospho-D-gluconate + H2O,C00345 <=> C04442 + C00001,R02036,Vmax,F,,,245,µmol/min/mg,Zymomonas mobilis,"Scopes et al., 1984, Analytical Biochemistry, Use of differentialdye-ligandchromatography with affinityelution for enzyme purification: 6-Phosphogluconatedehydratase from Zymomonasmobilis"
phosphogluconate dehydratase,edd,4.2.1.12,6-Phospho-D-gluconate <=> 2-Dehydro-3-deoxy-6-phospho-D-gluconate + H2O,C00345 <=> C04442 + C00001,R02036,kcat,F,,,257,1/sec,Zymomonas mobilis,Calculated from Vmax and MW
phosphogluconate dehydratase,edd,4.2.1.12,6-Phospho-D-gluconate <=> 2-Dehydro-3-deoxy-6-phospho-D-gluconate + H2O,C00345 <=> C04442 + C00001,R02036,KM,F,6-Phospho-D-gluconate,C00345,0.04,mM,Zymomonas mobilis,"Scopes et al., 1984, Analytical Biochemistry, Use of differentialdye-ligandchromatography with affinityelution for enzyme purification: 6-Phosphogluconatedehydratase from Zymomonasmobilis"
phosphogluconate dehydratase,edd,4.2.1.12,6-Phospho-D-gluconate <=> 2-Dehydro-3-deoxy-6-phospho-D-gluconate + H2O,C00345 <=> C04442 + C00001,R02036,KM,B,2-Dehydro-3-deoxy-6-phospho-D-gluconate,C04442,0.04,mM,Zymomonas mobilis,Estimated as KM for 6-Phospho-D-gluconate
2-dehydro-3-deoxy-phosphogluconate aldolase,eda,4.1.2.14,2-Dehydro-3-deoxy-6-phospho-D-gluconate <=> D-Glyceraldehyde 3-phosphate + Pyruvate,C04442 <=> C00118 + C00022,R05605,MW,,,,25,kDa,Escherichia coli,General estimation
2-dehydro-3-deoxy-phosphogluconate aldolase,eda,4.1.2.14,2-Dehydro-3-deoxy-6-phospho-D-gluconate <=> D-Glyceraldehyde 3-phosphate + Pyruvate,C04442 <=> C00118 + C00022,R05605,kcat,F,,,83,1/sec,Escherichia coli,"Cheriyan et al., 2007, Protein Sci., Mutagenesis of the phosphate-binding pocket of KDPG aldolase enhances selectivity for hydrophobic substrates"
2-dehydro-3-deoxy-phosphogluconate aldolase,eda,4.1.2.14,2-Dehydro-3-deoxy-6-phospho-D-gluconate <=> D-Glyceraldehyde 3-phosphate + Pyruvate,C04442 <=> C00118 + C00022,R05605,KM,F,2-Dehydro-3-deoxy-6-phospho-D-gluconate,C04442,0.1,mM,Escherichia coli,"Cheriyan et al., 2007, Protein Sci., Mutagenesis of the phosphate-binding pocket of KDPG aldolase enhances selectivity for hydrophobic substrates"
2-dehydro-3-deoxy-phosphogluconate aldolase,eda,4.1.2.14,2-Dehydro-3-deoxy-6-phospho-D-gluconate <=> D-Glyceraldehyde 3-phosphate + Pyruvate,C04442 <=> C00118 + C00022,R05605,KM,B,D-Glyceraldehyde 3-phosphate,C00118,0.1,mM,Escherichia coli,Estimated as KM for 2-Dehydro-3-deoxy-6-phospho-D-gluconate
2-dehydro-3-deoxy-phosphogluconate aldolase,eda,4.1.2.14,2-Dehydro-3-deoxy-6-phospho-D-gluconate <=> D-Glyceraldehyde 3-phosphate + Pyruvate,C04442 <=> C00118 + C00022,R05605,KM,B,Pyruvate,C00022,0.1,mM,Escherichia coli,Estimated as KM for 2-Dehydro-3-deoxy-6-phospho-D-gluconate
,,,,,,,,,,,,,
,,,,,,,,,,,,,
acetyl coenzyme A synthase/carbon monoxide dehydrogenase,codh_acs,1.2.7.4 & 2.3.1.169  ,5-Methyltetrahydrofolate + HCO3- + 2 Reduced ferredoxin + CoA <=> Acetyl-CoA + Tetrahydrofolat + 2 Oxidized ferredoxin,C00440 + C00288 + 2 C00138 + C00010 => C00024 + C00101 + 2 C00139,~R09317,,,,,,,,
,,,,,,,,,,,,,
formate-CoA ligase,fcl,6.2.1.-,,,,MW,,,,72,kDa,E. coli - evolved,"Kumari et al., 1995, J. Bacteriol., Cloning, characterization, and functional expression of acs, the gene which encodes acetyl coenzyme A synthetase in Escherichia coli"